Index_,ACCNUM,YEAR,DATE,TIME,Hour,STREET1,STREET2,OFFSET,ROAD_CLASS,District,WardNum,WardNum_X,WardNum_Y,Division,Division_X,Division_Y,LATITUDE,LONGITUDE,LOCCOORD,ACCLOC,TRAFFCTL,VISIBILITY,LIGHT,RDSFCOND,ACCLASS,IMPACTYPE,INVTYPE,INVAGE,INJURY,FATAL_NO,INITDIR,VEHTYPE,MANOEUVER,DRIVACT,DRIVCOND,PEDTYPE,PEDACT,PEDCOND,CYCLISTYPE,CYCACT,CYCCOND,PEDESTRIAN,CYCLIST,AUTOMOBILE,MOTORCYCLE,TRUCK,TRSN_CITY_,EMERG_VEH,PASSENGER,SPEEDING,AG_DRIV,REDLIGHT,ALCOHOL,DISABILITY,Hood_ID,Neighbourh,ObjectId
80499255,6000032002,2016,1452056400000,1429,14,BLACK CREEK DR,EGLINTON AVE W,13 m West of,Major Arterial,Etobicoke York,5,0,0,12,0,0,43.688357,-79.482868,Intersection,Intersection Related,Traffic Signal,Clear,Daylight,Dry,Fatal,Turning Movement,Driver,90 to 94,Fatal,5,West,"Automobile, Station Wagon",Going Ahead,Driving Properly,Normal, , , , , , , , ,Yes, , , , , , , , , , ,110,Keelesdale-Eglinton West (110),226
6804593,1239243,2011,1308283200000,1432,14,WEDGEWOOD DR,YONGE ST, ,Major Arterial,North York,18,0,0,32,0,0,43.788945,-79.41779,Intersection,At Intersection,Stop Sign,Clear,Daylight,Dry,Fatal,Pedestrian Collisions,Pedestrian,5 to 9,Fatal,10,South,Other, , , ,Vehicle is going straight thru inter.while ped cross with ROW,Crossing with right of way,Normal, , , ,Yes, ,Yes, , , , , , ,Yes, , , ,50,Newtonbrook East (50),227
80500721,6000087893,2016,1452834000000,1435,14,BAYVIEW AVE,EGLINTON AVE E,6 m North of,Major Arterial,North York,15,0,0,53,0,0,43.711028,-79.377147,Intersection,Intersection Related,Traffic Signal,Clear,Daylight,Wet,Fatal,Pedestrian Collisions,Pedestrian,80 to 84,Fatal,6,East, , , , ,Vehicle turns right while ped crosses with ROW at inter.,Crossing with right of way,Normal, , , ,Yes, ,Yes, , , , ,Yes, , , , , ,56,Leaside-Bennington (56),228
80545821,6000983076,2016,1465185600000,1435,14,KENNEDY RD,EGLINTON AVE E, ,Major Arterial,Scarborough,2120,20,21,41,0,0,43.732192,-79.267925,Intersection,At Intersection,Traffic Signal,Clear,Daylight,Dry,Fatal,Turning Movement,Passenger,65 to 69,Fatal,44, , , , , , , , , , , , , ,Yes, , , , ,Yes, ,Yes,Yes, , ,124,Kennedy Park (124),229
7486701,1324513,2012,1352264400000,1437,14,RICHMOND ST W,UNIVERSITY AVE, ,Major Arterial,Toronto and East York,10,0,0,52,0,0,43.650045,-79.38629,Intersection,At Intersection,Traffic Signal,Clear,Daylight,Dry,Fatal,Cyclist Collisions,Cyclist,55 to 59,Fatal,38,West,Bicycle,Going Ahead, , , , , ,"Cyclist without ROW rides into path of motorist at inter, lnwy, dwy-Cyclist not turn.",Disobeyed Traffic Control,Unknown, ,Yes,Yes, , , , ,Yes, , , , , ,76,Bay Street Corridor (76),230
80491048,5001824991,2015,1445572800000,1437,14,KEELE ST,DONALD AVE, ,Major Arterial,Etobicoke York,5,0,0,12,0,0,43.684897,-79.472804,Intersection,Intersection Related,Traffic Signal,Clear,Daylight,Dry,Fatal,Pedestrian Collisions,Pedestrian,75 to 79,Fatal,53,East, , , , ,Vehicle turns left while ped crosses with ROW at inter.,Crossing with right of way,Normal, , , ,Yes, ,Yes, , , , , , , , , , ,110,Keelesdale-Eglinton West (110),231
6671921,1252228,2011,1314676800000,1438,14,LAWRENCE AVE E,E OF DVP ON RAMP Aven, ,Major Arterial,North York,16,0,0,33,0,0,43.740245,-79.32799,Mid-Block, ,No Control,Clear,Daylight,Dry,Fatal,Rear End,Passenger,40 to 44,Fatal,22, ,Other, , , , , , , , , , , ,Yes, ,Yes,Yes, ,Yes,Yes,Yes, , , ,43,Victoria Village (43),232
7775216,1335553,2013,1358226000000,1438,14,YONGE ST,MARLBOROUGH AVE, ,Major Arterial,Toronto and East York,11,0,0,53,0,0,43.679843,-79.390689,Intersection,At Intersection,Stop Sign,Clear,Daylight,Dry,Fatal,Pedestrian Collisions,Pedestrian,75 to 79,Fatal,3,West, , , , ,Vehicle turns left while ped crosses without ROW at inter.,Crossing without right of way,Inattentive, , , ,Yes, ,Yes, , , , ,Yes, , , , , ,98,Rosedale-Moore Park (98),233
3738222,977199,2013,1384491600000,1440,14,64 ST CLAIR AVE W, , ,Major Arterial,Toronto and East York,12,0,0,53,0,0,43.68751,-79.396922,Mid-Block, ,No Control,Clear,Daylight,Dry,Fatal,Pedestrian Collisions,Pedestrian,80 to 84,Fatal,53,South, , , , ,Pedestrian involved in a collision with transit vehicle anywhere along roadway,"Crossing, no Traffic Control",Inattentive, , , ,Yes, ,Yes, , ,Yes, ,Yes, , , , , ,97,Yonge-St.Clair (97),234
5316444,1018347,2008,1201755600000,1440,14,DON MILLS RD E,GODSTONE RD, ,Major Arterial,North York,17,0,0,33,0,0,43.782745,-79.34909,Intersection,At Intersection,Traffic Signal,Clear,Daylight,Dry,Fatal,SMV Other,Passenger,80 to 84,Fatal,6, ,Other, , , , , , , , , , , ,Yes, , , , ,Yes, , , , , ,47,Don Valley Village (47),235
80566658,6002208039,2016,1481605200000,1440,14,MIDLAND AVE,KILCULLEN CASTLE GT, ,Major Arterial,Scarborough,2223,23,22,42,0,0,43.81116,-79.290668,Mid-Block,Non Intersection,No Control,Clear,Daylight,Dry,Fatal,Pedestrian Collisions,Pedestrian,70 to 74,Fatal,77,West, , , , ,Pedestrian hit at mid-block,"Crossing, no Traffic Control",Normal, , , ,Yes, ,Yes, , , , , , , , , , ,129,Agincourt North (129),236
80631859,7000155315,2017,1485320400000,1440,14,FINCH AVE W,WESTON RD, ,Major Arterial,Etobicoke York,7,0,0,31,0,0,43.752017,-79.542331,Intersection,At Intersection,Traffic Signal,Clear,Daylight,Wet,Fatal,Angle,Driver,85 to 89,Fatal,6,South,"Automobile, Station Wagon",Going Ahead,Disobeyed Traffic Control,Medical or Physical Disability, , , , , , , , ,Yes, ,Yes, , , , ,Yes,Yes, ,Yes,22,Humbermede (22),237
80542279,6000942671,2016,1464667200000,1441,14,DON VALLEY PARKWAY  S,LAWRENCE AVE E, ,Expressway,North York,16,0,0,33,0,0,43.738375,-79.332294,Mid-Block,Non Intersection,No Control,Clear,Daylight,Dry,Fatal,Rear End,Driver,70 to 74,Fatal,35,South,"Automobile, Station Wagon",Going Ahead,Speed too Slow,Inattentive, , , , , , , , ,Yes, ,Yes, , , , , , , , ,42,Banbury-Don Mills (42),238
5044012,1134663,2009,1257224400000,1445,14,GILDER DR,MIDLAND AVE, ,Major Arterial,Scarborough,21,0,0,41,0,0,43.736045,-79.25879,Intersection,At Intersection,Traffic Signal,Clear,Daylight,Dry,Fatal,Pedestrian Collisions,Pedestrian,85 to 89,Fatal,37,East,Other, , , ,Vehicle turns left while ped crosses with ROW at inter.,Crossing with right of way,Unknown, , , ,Yes, ,Yes, , , , , , ,Yes, , , ,138,Eglinton East (138),239
7514335,1290105,2012,1334894400000,1447,14,DON VALLEY PARKWAY  N,GERRARD ST E, ,Expressway,Toronto and East York,14,0,0,55,0,0,43.665145,-79.35589,Mid-Block, ,No Control,Clear,Daylight,Dry,Fatal,SMV Other,Motorcycle Driver,35 to 39,Fatal,11,North,Motorcycle,Going Ahead,Exceeding Speed Limit,Unknown, , , , , , , , , ,Yes, , , , ,Yes,Yes, , , ,68,North Riverdale (68),240
5792659,1117854,2009,1249617600000,1448,14,179 FALLINGBROOK RD, , ,Collector,Scarborough,20,0,0,41,0,0,43.684645,-79.28029,Intersection, ,No Control,Clear,Daylight,Dry,Fatal,Pedestrian Collisions,Pedestrian,80 to 84,Fatal,21,North,Other, , , ,Pedestrian hit at private driveway,Other,Medical or Physical Disability, , , ,Yes, ,Yes, , , , , , , , , , ,122,Birchcliffe-Cliffside (122),241
5253286,1110725,2009,1245729600000,1449,14,BLOOR ST W,ST HELENS AVE, ,Major Arterial,Toronto and East York,9,0,0,11,0,0,43.658045,-79.44399,Intersection,At Intersection,Stop Sign,Clear,Daylight,Dry,Fatal,Pedestrian Collisions,Pedestrian,75 to 79,Fatal,17,West,Other, , , ,Vehicle turns left while ped crosses with ROW at inter.,Crossing with right of way,Normal, , , ,Yes, , , ,Yes, , , , ,Yes, , , ,83,Dufferin Grove (83),242
7808675,1351876,2013,1366084800000,1450,14,AVENUE RD,FAIRLAWN AVE, ,Major Arterial,North York,8,0,0,32,0,0,43.727843,-79.417888,Intersection, ,Traffic Signal,Clear,Daylight,Dry,Fatal,Pedestrian Collisions,Pedestrian,65 to 69,Fatal,12,West, , , , ,Pedestrian hit at mid-block,"Crossing, no Traffic Control",Unknown, , , ,Yes, , , ,Yes, , , , , , , , ,39,Bedford Park-Nortown (39),243
7815051,1354707,2013,1367640000000,1450,14,YONGE ST,GERRARD ST E, ,Major Arterial,Toronto and East York,1113,13,11,5152,52,51,43.659644,-79.382388,Mid-Block, ,No Control,Clear,Daylight,Dry,Fatal,Pedestrian Collisions,Motorcycle Driver,40 to 44,Fatal,13,North,Motorcycle,Changing Lanes,Improper Lane Change,Normal, , , , , , ,Yes, , ,Yes, , , , , , , , , ,76,Bay Street Corridor (76),244
80546836,6001326720,2016,1469678400000,1450,14,PARLIAMENT ST,SHUTER ST, ,Minor Arterial,Toronto and East York,13,0,0,51,0,0,43.656932,-79.364993,Intersection,At Intersection,Traffic Signal,Clear,Daylight,Dry,Fatal,Pedestrian Collisions,Pedestrian,80 to 84,Fatal,49,West, , , , ,Vehicle is going straight thru inter.while ped cross without ROW,Crossing without right of way,Normal, , , ,Yes, , , ,Yes, , , , , , , , ,72,Regent Park (72),245
7559685,1318483,2012,1349409600000,1455,14,JANE ST,CORBETT AVE, ,Major Arterial,Etobicoke York,5,0,0,12,0,0,43.670245,-79.49319,Intersection, ,No Control,Clear,Daylight,Dry,Fatal,SMV Other,Motorcycle Driver,35 to 39,Fatal,33,North,Motorcycle,Going Ahead,Driving Properly,Normal, , , , , , , , ,Yes,Yes, , , , , , , , , ,111,Rockcliffe-Smythe (111),246
5794771,1140988,2009,1260248400000,1456,14,FINCH AVE E,DON MILLS RD, ,Major Arterial,North York,17,0,0,33,0,0,43.792645,-79.35469,Intersection, ,Traffic Signal,Clear,Daylight,Dry,Fatal,Turning Movement,Passenger,85 to 89,Fatal,44, ,Other, , , , , , , , , , , ,Yes, , , , ,Yes, , , , , ,47,Don Valley Village (47),247
80000055,131219717,2013,1387861200000,1500,15,VICTORIA PARK AVE,O CONNOR DR, ,Major Arterial,Scarborough,1620,20,16,5441,41,54,43.722369,-79.301685,Mid-Block, ,Stop Sign,Clear,Daylight,Dry,Fatal,Pedestrian Collisions,Pedestrian,70 to 74,Fatal,63,East, , , , ,Pedestrian hit at mid-block,"Crossing, no Traffic Control",Unknown, , , ,Yes, ,Yes, , , , , , , , , , ,120,Clairlea-Birchmount (120),248
80944447,8001058392,2018,1528689600000,1500,15,DUFFERIN ST,BRIAR HILL AVE, ,Major Arterial,North York,8,0,0,13,0,0,43.702281,-79.452075,Intersection,Intersection Related,Traffic Signal,Clear,Daylight,Dry,Fatal,Pedestrian Collisions,Pedestrian,50 to 54,Fatal,31,North, , , , ,Unknown,Crossing with right of way, , , , ,Yes, ,Yes, , , , , ,Yes,Yes,Yes, , ,108,Briar Hill-Belgravia (108),249
6115276,1156744,2010,1268110800000,1504,15,STEELES AVE W,GIHON SPRING DR, ,Major Arterial,Etobicoke York,1,0,0,23,0,0,43.759545,-79.59529,Mid-Block, ,No Control,Clear,Daylight,Dry,Fatal,Approaching,Driver,45 to 49,Fatal,14,East,"Automobile, Station Wagon",Going Ahead,Lost control,Unknown, , , , , , , , ,Yes, ,Yes, , , , , , , , ,2,Mount Olive-Silverstone-Jamestown (2),250
80757191,7001289449,2017,1500350400000,1504,15,BLOOR ST W,JANE ST, ,Major Arterial,Toronto and East York,4,0,0,11,0,0,43.64926,-79.484439,Intersection,At Intersection,Traffic Signal,Clear,Daylight,Dry,Fatal,Rear End,Motorcycle Driver,70 to 74,Fatal,31,East,Motorcycle,Going Ahead,Driving Properly,Unknown, , , , , , , , , ,Yes,Yes, , , , , , , , ,87,High Park-Swansea (87),251
7516539,1329059,2012,1354510800000,1507,15,ELM RD,FAIRLAWN AVE, ,Collector,North York,8,0,0,32,0,0,43.728645,-79.41439,Intersection,At Intersection,Stop Sign,Clear,Daylight,Dry,Fatal,Pedestrian Collisions,Pedestrian,85 to 89,Fatal,41,East,Other, , , ,Vehicle is going straight thru inter.while ped cross with ROW,Crossing with right of way,Normal, , , ,Yes, ,Yes, , , , , , ,Yes, , , ,105,Lawrence Park North (105),252
80875568,8000662467,2018,1523592000000,1512,15,JANE ST,BEVERLY HILLS DR, ,Major Arterial,North York,706,6,7,31,0,0,43.719008,-79.508113,Intersection,At Intersection,Traffic Signal, ,Daylight, ,Fatal,Pedestrian Collisions,Pedestrian,40 to 44,Fatal,19,South, , , , ,Vehicle turns left while ped crosses with ROW at inter.,Crossing with right of way,Normal, , , ,Yes, ,Yes, , , , , ,Yes,Yes, , , ,26,Downsview-Roding-CFB (26),253
80221527,4003192512,2014,1414468800000,1515,15,VICTORIA PARK AVE,O CONNOR DR, ,Major Arterial,Scarborough,1620,20,16,5441,41,54,43.723372,-79.302089,Intersection,Intersection Related,Traffic Signal,Other,Daylight,Dry,Fatal,Cyclist Collisions,Cyclist,70 to 74,Fatal,36,South,Bicycle,Going Ahead, , , , , ,Motorist turning right on green or amber at signalized intersection strikes cyclist.,Other,Other, ,Yes,Yes, , , , , , , , , , ,120,Clairlea-Birchmount (120),254
80000073,5000260881,2015,1423803600000,1516,15,ROYAL YORK RD,MANITOBA ST, ,Minor Arterial,Etobicoke York,3,0,0,22,0,0,43.621562,-79.500606,Intersection, ,No Control,Other,Daylight,Other,Fatal,Other,Passenger,75 to 79,Fatal,5, , , , , , , , , , , , , , , , ,Yes, ,Yes, , , , , ,17,Mimico (includes Humber Bay Shores) (17),255
7845040,1367518,2013,1374465600000,1519,15,KIPLING AVE,JUTLAND RD, ,Major Arterial,Etobicoke York,3,0,0,22,0,0,43.626245,-79.52879,Intersection,At Intersection,Stop Sign,Clear,Daylight,Dry,Fatal,Turning Movement,Motorcycle Driver,20 to 24,Fatal,23,North,Motorcycle,Going Ahead,Driving Properly,Normal, , , , , , , , ,Yes,Yes, , , , , ,Yes, , , ,14,Islington-City Centre West (14),256
7527468,1298038,2012,1339128000000,1520,15,LAWRENCE AVE E,KARL FRASER  RD, ,Major Arterial,North York,16,0,0,33,0,0,43.736845,-79.34499,Intersection, ,No Control,Clear,Daylight,Dry,Fatal,Turning Movement,Motorcycle Driver,40 to 44,Fatal,17,East,Motorcycle,Going Ahead,Driving Properly,Normal, , , , , , , , ,Yes,Yes, , , , , ,Yes, , , ,42,Banbury-Don Mills (42),257
80793625,8000090859,2018,1515992400000,1520,15,23 IANHALL RD, , ,Local,North York,6,0,0,31,0,0,43.727904,-79.488223,Mid-Block,Non Intersection,No Control,Snow,Daylight,Loose Snow,Fatal,Pedestrian Collisions,Pedestrian,5 to 9,Fatal,7,Unknown, , , , ,Pedestrian hit at mid-block,Person Getting on/off Vehicle,Normal, , , ,Yes, ,Yes, , , , , , , , , , ,26,Downsview-Roding-CFB (26),258
80000012,131031283,2013,1385269200000,1521,15,100 STEELES AVE W, , ,Major Arterial,North York,18,0,0,32,0,0,43.796965,-79.424747,Intersection, ,Traffic Signal,Clear,"Dark, artificial",Dry,Fatal,Pedestrian Collisions,Pedestrian,40 to 44,Fatal,56,South, , , , ,Vehicle turns right while ped crosses with ROW at inter.,Crossing with right of way,Normal, , , ,Yes, ,Yes, , , , , , ,Yes, , , ,36,Newtonbrook West (36),259
80790892,7003241293,2017,1513832400000,1528,15,KINGSTON RD,WARDEN AVE, ,Major Arterial,Scarborough,20,0,0,41,0,0,43.687686,-79.270885,Intersection,At Intersection,Traffic Signal,Other,Daylight,Other,Fatal,Pedestrian Collisions,Pedestrian,40 to 44,Fatal,62,South, , , , ,Vehicle is going straight thru inter.while ped cross with ROW,Crossing with right of way,Unknown, , , ,Yes, ,Yes, , , , , ,Yes,Yes,Yes,Yes, ,122,Birchcliffe-Cliffside (122),260
5329697,1024623,2008,1204261200000,1530,15,WESTON RD,STARVIEW LANE, ,Major Arterial,Etobicoke York,7,0,0,31,0,0,43.726445,-79.53559,Intersection, ,No Control,Snow,Daylight,Slush,Fatal,Approaching,Passenger,30 to 34,Fatal,10, ,Other, , , , , , , , , , , ,Yes, ,Yes, , ,Yes,Yes,Yes, , , ,23,Pelmo Park-Humberlea (23),261
5329698,1024623,2008,1204261200000,1530,15,WESTON RD,STARVIEW LANE, ,Major Arterial,Etobicoke York,7,0,0,31,0,0,43.726445,-79.53559,Intersection, ,No Control,Snow,Daylight,Slush,Fatal,Approaching,Driver,55 to 59,Fatal,9,North,"Automobile, Station Wagon",Going Ahead,Speed too Fast For Condition,Normal, , , , , , , , ,Yes, ,Yes, , ,Yes,Yes,Yes, , , ,23,Pelmo Park-Humberlea (23),262
80741749,7000701050,2017,1492747200000,1530,15,HALFMOON SQ,CANMORE BLVD,north of,Collector,Scarborough,25,0,0,43,0,0,43.793753,-79.17908,Intersection,Intersection Related,No Control,Clear,"Daylight, artificial",Dry,Fatal,Pedestrian Collisions,Pedestrian,5 to 9,Fatal,19,East, , , , ,Vehicle hits the pedestrian walking or running out from between parked vehicles at mid-block,Running onto Roadway,Inattentive, , , ,Yes, ,Yes, , , , , , , , , , ,134,Highland Creek (134),263
80793697,8000370625,2018,1519707600000,1530,15,CANONGATE TRL,OCKWELL MANOR  DR, ,Collector,Scarborough,22,0,0,42,0,0,43.818522,-79.306857,Intersection,At Intersection,No Control,Clear,Daylight,Dry,Fatal,Pedestrian Collisions,Pedestrian,10 to 14,Fatal,13,East, , , , ,Vehicle is going straight thru inter.while ped cross without ROW,Crossing without right of way,Normal, , , ,Yes, ,Yes, , , , , , , , , , ,116,Steeles (116),264
7856191,1372377,2013,1377576000000,1533,15,HUMBER COLLEGE Blvd,WINDWOOD Dr, ,Minor Arterial,Etobicoke York,1,0,0,23,0,0,43.730746,-79.606792,Mid-Block, ,Pedestrian Crossover,Clear,Daylight,Dry,Fatal,Pedestrian Collisions,Pedestrian,55 to 59,Fatal,35,South, , , , ,Pedestrian hit a PXO/ped. Mid-block signal,"Crossing, Pedestrian Crossover",Normal, , , ,Yes, ,Yes, , , , , ,Yes,Yes, , , ,1,West Humber-Clairville (1),265
80681701,7000416403,2017,1488862800000,1538,15,BLOOR ST W,KENNEDY PARK RD,8.6 m East of,Major Arterial,Toronto and East York,4,0,0,11,0,0,43.652056,-79.471744,Intersection,Intersection Related,No Control,Clear,Daylight,Dry,Fatal,Approaching,Passenger,35 to 39,Fatal,10, ,"Automobile, Station Wagon", , , , , , , , , , , ,Yes, , , , ,Yes,Yes,Yes, , , ,87,High Park-Swansea (87),266
6672317,1252379,2011,1314849600000,1540,15,MIDLAND AVE,BAYLAWN DR, ,Major Arterial,Scarborough,2223,23,22,42,0,0,43.800545,-79.28489,Mid-Block, ,No Control,Clear,Daylight,Dry,Fatal,SMV Other,Driver,35 to 39,Fatal,23,South,"Automobile, Station Wagon",Going Ahead,Lost control,Unknown, , , , , , , , ,Yes, , , , , ,Yes,Yes, , , ,129,Agincourt North (129),267
7792626,1345175,2013,1362632400000,1545,15,CLIFFSIDE DR,EAST HAVEN DR, ,Collector,Scarborough,20,0,0,41,0,0,43.703646,-79.25159,Intersection, ,Stop Sign,Clear,Daylight,Wet,Fatal,Pedestrian Collisions,Pedestrian,5 to 9,Fatal,6,West, , , , ,Vehicle turns left while ped crosses with ROW at inter.,Crossing with right of way,Normal, , , ,Yes, , , ,Yes, , , , ,Yes, , , ,122,Birchcliffe-Cliffside (122),268
7857845,1373040,2013,1377835200000,1545,15,DANFORTH RD,BARDSEA CRT, ,Major Arterial,Scarborough,21,0,0,43,0,0,43.748545,-79.244487,Intersection,At Intersection,Stop Sign,Clear,Daylight,Dry,Fatal,Turning Movement,Motorcycle Driver,45 to 49,Fatal,36,North,Motorcycle,Changing Lanes,Improper Lane Change,Normal, , , , , , , , ,Yes,Yes,Yes, , , ,Yes,Yes, , , ,127,Bendale (127),269
5247781,1108193,2009,1244174400000,1547,15,FINCH AVE W,HALESIA DR, ,Major Arterial,Etobicoke York,1,0,0,23,0,0,43.733745,-79.60669,Intersection,At Intersection,Traffic Signal,Clear,Daylight,Dry,Fatal,Turning Movement,Motorcycle Driver,35 to 39,Fatal,15,East,Motorcycle,Slowing or Stopping,Lost control,Unknown, , , , , , , , ,Yes,Yes, , , , , ,Yes, , , ,1,West Humber-Clairville (1),270
80566372,6001911469,2016,1477540800000,1549,15,CHERRY ST,POLSON ST, ,Collector,Toronto and East York,14,0,0,51,51,0,43.641406,-79.349178,Mid-Block,Overpass or Bridge,No Control,Rain,Daylight,Wet,Fatal,SMV Other,Driver,50 to 54,Fatal,66,North,"Automobile, Station Wagon",Going Ahead,Lost control,Unknown, , , , , , , , ,Yes, , , , , ,Yes,Yes, , , ,70,South Riverdale (70),271
80949484,8001512528,2018,1534392000000,1555,15,LESLIE ST,EGLINTON AVE E, ,Major Arterial,North York,1516,16,15,33,0,0,43.718589,-79.350383,Intersection,Intersection Related,Stop Sign,Clear,Daylight,Dry,Fatal,Turning Movement,Driver,85 to 89,Fatal,43,East,Passenger Van,Turning Left,Improper Turn,Inattentive, , , , , , , , ,Yes, ,Yes, , , , , , , , ,42,Banbury-Don Mills (42),272
7777325,1336921,2013,1358917200000,1556,15,EGLINTON AVE E,SINNOTT RD, ,Major Arterial,Scarborough,2120,20,21,41,0,0,43.729346,-79.280689,Intersection,At Intersection,Traffic Signal,Clear,Daylight,Dry,Fatal,Pedestrian Collisions,Pedestrian,45 to 49,Fatal,2,North, , , , ,Pedestrian involved in a collision with transit vehicle anywhere along roadway,Crossing with right of way,Normal, , , ,Yes, , , , ,Yes, , , ,Yes,Yes, , ,120,Clairlea-Birchmount (120),273
80000015,13999959,2013,1385787600000,1556,15,BLOOR ST W,NEILSON DR, ,Major Arterial,Etobicoke York,2,0,0,22,0,0,43.63444,-79.567218,Intersection, ,Traffic Signal,Other,Daylight,Other,Fatal,Turning Movement,Driver,30 to 34,Fatal,59,West,"Automobile, Station Wagon",Going Ahead,Driving Properly,Unknown, , , , , , , , ,Yes, , , , , , , , , , ,12,Markland Wood (12),274
80941373,8000877104,2018,1526356800000,1558,15,LAKE SHORE BV W,COLBORNE LODGE DR, ,Major Arterial,Toronto and East York,4,0,0,11,0,0,43.637709,-79.458881,Intersection,At Intersection,Traffic Signal,Clear,Daylight,Dry,Fatal,Cyclist Collisions,Cyclist,35 to 39,Fatal,30,South,Bicycle,Going Ahead, , , , , ,"Motorist without ROW drives into path of cyclist at inter, lnwy, dwy-Driver not turn.",Driving Properly,Normal, ,Yes,Yes, , , , , , ,Yes,Yes, , ,85,South Parkdale (85),275
80951126,8001751421,2018,1537502400000,1600,16,NUTHATCH LANE,DOCTOR O LANE, ,Laneway,Toronto and East York,13,0,0,51,0,0,43.663325,-79.369693,Intersection,Intersection Related,No Control,Clear,Daylight,Dry,Fatal,Pedestrian Collisions,Pedestrian,55 to 59,Fatal,48,Unknown, , , , ,Unknown,Other,"Ability Impaired, Alcohol", , , ,Yes, ,Yes, , , , , , , , , , ,73,Moss Park (73),276
80971684,8001744519,2018,1537416000000,1600,16,DUFFERIN ST,CASTLEFIELD AVE, ,Major Arterial,North York,8,0,0,13,0,0,43.700686,-79.451724,Intersection,At Intersection,Traffic Signal,Clear,Daylight,Dry,Fatal,Pedestrian Collisions,Pedestrian,90 to 94,Fatal,55,North, , , , ,Vehicle is going straight thru inter.while ped cross without ROW,Crossing without right of way,Inattentive, , , ,Yes, ,Yes, , , , , , , , , , ,108,Briar Hill-Belgravia (108),277
7847191,1368450,2013,1375070400000,1604,16,LANGDEN AVE,CLIFF ST, ,Local,Etobicoke York,5,0,0,12,0,0,43.680644,-79.48479,Intersection, ,No Control,Clear,Daylight,Dry,Fatal,Pedestrian Collisions,Pedestrian,65 to 69,Fatal,29,Unknown, , , , ,Vehicle is reversing and hits pedestrian,Other,Normal, , , ,Yes, ,Yes, , , , , , , , , , ,111,Rockcliffe-Smythe (111),278
6112331,1155407,2010,1267506000000,1605,16,HORNER AVE,EDILOU DR, ,Minor Arterial,Etobicoke York,3,0,0,22,0,0,43.604745,-79.53139,Intersection, ,No Control,Clear,Daylight,Dry,Fatal,Pedestrian Collisions,Pedestrian,55 to 59,Fatal,13,South,Other, , , ,Pedestrian hit at mid-block,"Crossing, no Traffic Control",Unknown, , , ,Yes, , , ,Yes, , , , , , , , ,20,Alderwood (20),279
80756969,7001052989,2017,1497326400000,1606,16,5085 SHEPPARD AVE E, , ,Major Arterial,Scarborough,23,0,0,42,0,0,43.793505,-79.24007,Mid-Block,Non Intersection,No Control,Clear,Daylight,Dry,Fatal,Turning Movement,Passenger,0 to 4,Fatal,27, , , , , , , , , , , , , ,Yes, , , , ,Yes, , , , , ,128,Agincourt South-Malvern West (128),280
80000049,143015764,2014,1412049600000,1608,16,ST CLAIR AVE W,KEELE ST, ,Major Arterial,Etobicoke York,5,0,0,1211,11,12,43.672331,-79.468509,Mid-Block, ,No Control,Clear,Daylight,Dry,Fatal,Pedestrian Collisions,Pedestrian,70 to 74,Fatal,30,North, , , , ,Pedestrian involved in a collision with transit vehicle anywhere along roadway,"Crossing, no Traffic Control",Unknown, , , ,Yes, , , , ,Yes, , , , , , , ,90,Junction Area (90),281