Index_,ACCNUM,YEAR,DATE,TIME,Hour,STREET1,STREET2,OFFSET,ROAD_CLASS,District,WardNum,WardNum_X,WardNum_Y,Division,Division_X,Division_Y,LATITUDE,LONGITUDE,LOCCOORD,ACCLOC,TRAFFCTL,VISIBILITY,LIGHT,RDSFCOND,ACCLASS,IMPACTYPE,INVTYPE,INVAGE,INJURY,FATAL_NO,INITDIR,VEHTYPE,MANOEUVER,DRIVACT,DRIVCOND,PEDTYPE,PEDACT,PEDCOND,CYCLISTYPE,CYCACT,CYCCOND,PEDESTRIAN,CYCLIST,AUTOMOBILE,MOTORCYCLE,TRUCK,TRSN_CITY_,EMERG_VEH,PASSENGER,SPEEDING,AG_DRIV,REDLIGHT,ALCOHOL,DISABILITY,Hood_ID,Neighbourh,ObjectId
5198135,1085959,2009,1233550800000,1610,16,FINCH AVE W,WESTON RD, ,Major Arterial,Etobicoke York,7,0,0,31,0,0,43.752045,-79.54239,Intersection,At Intersection,Traffic Signal,Clear,Daylight,Dry,Fatal,Pedestrian Collisions,Pedestrian,90 to 94,Fatal,3,North,Other, , , ,Vehicle turns left while ped crosses with ROW at inter.,Crossing with right of way,Medical or Physical Disability, , , ,Yes, , , ,Yes, , , , ,Yes, , , ,22,Humbermede (22),282
80000033,142510103,2014,1405483200000,1615,16,MCRAE DR,MILLWOOD RD, ,Collector,North York,15,0,0,53,0,0,43.704775,-79.368121,Intersection,At Intersection,Traffic Signal,Clear,Daylight,Dry,Fatal,Pedestrian Collisions,Pedestrian,5 to 9,Fatal,14,West, , , , ,Vehicle turns right while ped crosses with ROW at inter.,Crossing with right of way,Normal, , , ,Yes, ,Yes, , , , , , ,Yes, , , ,56,Leaside-Bennington (56),283
80000038,142655086,2014,1407384000000,1618,16,5800 YONGE ST, , ,Major Arterial,North York,18,0,0,32,0,0,43.784381,-79.416683,Intersection,At Intersection,Traffic Signal,Clear,Daylight,Dry,Fatal,Pedestrian Collisions,Pedestrian,40 to 44,Fatal,19,South, , , , ,Pedestrian hit on sidewalk or shoulder,On Sidewalk or Shoulder,Unknown, , , ,Yes, ,Yes, , , , ,Yes, ,Yes,Yes, , ,50,Newtonbrook East (50),284
80000050,143022510,2014,1412136000000,1620,16,35 IRWIN RD, , ,Local,Etobicoke York,1,0,0,23,0,0,43.725997,-79.55511,Mid-Block, ,No Control,Clear,Daylight,Wet,Fatal,SMV Other,Motorcycle Driver,20 to 24,Fatal,31,East,Motorcycle,Going Ahead,Lost control,Unknown, , , , , , , , , ,Yes, , , , ,Yes,Yes, , , ,5,Elms-Old Rexdale (5),285
7447394,1307861,2012,1343620800000,1623,16,NEILSON RD,OAKMEADOW BLVD, ,Minor Arterial,Scarborough,24,0,0,43,0,0,43.790545,-79.21259,Mid-Block, ,No Control,Clear,Daylight,Dry,Fatal,SMV Other,Driver,55 to 59,Fatal,23,South,"Automobile, Station Wagon",Going Ahead,Lost control,Unknown, , , , , , , , ,Yes, , , , , , , , , , ,135,Morningside (135),286
80782624,7001794171,2017,1507003200000,1623,16,SENTINEL RD,ASSINIBOINE RD,15 m South of,Minor Arterial,Etobicoke York,7,0,0,31,0,0,43.768195,-79.501659,Intersection,At Intersection,No Control,Clear,Daylight,Dry,Fatal,Pedestrian Collisions,Pedestrian,20 to 24,Fatal,47,East, , , , ,Pedestrian hit at mid-block,"Crossing, no Traffic Control",Unknown, , , ,Yes, ,Yes, , , , , , , , , , ,27,York University Heights (27),287
7886327,1385276,2013,1383451200000,1625,16,18 LONGSPUR RD, , ,Collector,Toronto and East York,19,0,0,54,0,0,43.705802,-79.325069,Intersection, ,No Control,Clear,Daylight,Dry,Fatal,Pedestrian Collisions,Pedestrian,85 to 89,Fatal,55,West,Other, , , ,Vehicle is reversing and hits pedestrian,Other,Normal, , , ,Yes, ,Yes, , , , , , , , , , ,54,O'Connor-Parkview (54),288
7559564,1311464,2012,1345694400000,1627,16,ALLIANCE AVE,ROCKCLIFFE BLVD, ,Collector,Etobicoke York,5,0,0,12,0,0,43.676943,-79.489391,Intersection,At Intersection,Traffic Signal,Clear,Daylight,Dry,Fatal,Angle,Motorcycle Driver,40 to 44,Fatal,26,North,Motorcycle,Going Ahead,Disobeyed Traffic Control,Unknown, , , , , , , , ,Yes,Yes, , , ,Yes, ,Yes,Yes, , ,111,Rockcliffe-Smythe (111),289
6139522,1167187,2010,1273118400000,1630,16,WELLINGTON ST W,SIMCOE ST, ,Minor Arterial,Toronto and East York,10,0,0,52,0,0,43.645845,-79.38629,Mid-Block, ,No Control,Clear,Daylight,Dry,Fatal,Angle,Passenger,80 to 84,Fatal,17, ,Other, , , , , , , , , , , ,Yes, , , , ,Yes, ,Yes, , , ,77,Waterfront Communities-The Island (77),290
80784507,7001762491,2017,1506571200000,1630,16,BIRCHMOUNT RD,ZENITH DR, ,Minor Arterial,Scarborough,20,0,0,41,0,0,43.711009,-79.269771,Intersection,Intersection Related,No Control,Clear,Daylight,Dry,Fatal,Pedestrian Collisions,Pedestrian,55 to 59,Fatal,45,Unknown, , , , ,Pedestrian hit on sidewalk or shoulder,On Sidewalk or Shoulder,Normal, , , ,Yes, ,Yes, , , , ,Yes,Yes,Yes, ,Yes, ,120,Clairlea-Birchmount (120),291
7864814,1376061,2013,1379476800000,1634,16,LAKE SHORE BLVD W,DWIGHT AVE, ,Major Arterial,Etobicoke York,3,0,0,22,0,0,43.602343,-79.497989,Intersection, ,No Control,Clear,Daylight,Dry,Fatal,Cyclist Collisions,Cyclist,50 to 54,Fatal,41,West,Bicycle,Unknown, , , , , ,"Cyclist without ROW rides into path of motorist at inter, lnwy, dwy-Cyclist not turn.",Lost control,Unknown, ,Yes,Yes, , , , ,Yes, , , , , ,18,New Toronto (18),292
80000042,142740894,2014,1408507200000,1639,16,VICTORIA PARK AVE,O CONNOR DR, ,Major Arterial,Scarborough,1620,20,16,5441,41,54,43.723372,-79.302089,Intersection,At Intersection,Traffic Signal,Clear,Daylight,Dry,Fatal,Pedestrian Collisions,Pedestrian,75 to 79,Fatal,23,East, , , , ,Vehicle turns left while ped crosses with ROW at inter.,Crossing with right of way,Normal, , , ,Yes, ,Yes, , , , , , ,Yes, , , ,120,Clairlea-Birchmount (120),293
80000076,5000374256,2015,1425445200000,1639,16,FINCH AVE E,MARKHAM RD, ,Major Arterial,Scarborough,23,0,0,42,0,0,43.81296,-79.243068,Intersection,At Intersection,Traffic Signal,Clear,Daylight,Dry,Fatal,Pedestrian Collisions,Pedestrian,60 to 64,Fatal,8,Unknown, , , , ,Vehicle turns right while ped crosses with ROW at inter.,Crossing with right of way,Normal, , , ,Yes, , , ,Yes, , , , ,Yes, , , ,132,Malvern (132),294
80234707,5000518760,2015,1426737600000,1645,16,6212 YONGE ST, , ,Major Arterial,North York,18,0,0,32,0,0,43.794638,-79.4192,Mid-Block,At/Near Private Drive,No Control,Clear,Daylight,Dry,Fatal,Pedestrian Collisions,Pedestrian,80 to 84,Fatal,16,North, , , , ,Pedestrian hit at private driveway,On Sidewalk or Shoulder,Normal, , , ,Yes, ,Yes, , , , , , ,Yes, , , ,50,Newtonbrook East (50),295
80793691,8000324266,2018,1519102800000,1645,16,BATHURST ST,ELLERSLIE AVE, ,Major Arterial,North York,618,18,6,32,0,0,43.765391,-79.440891,Intersection,At Intersection,Traffic Signal,Rain,Daylight,Wet,Fatal,Pedestrian Collisions,Pedestrian,65 to 69,Fatal,11,West, , , , ,Vehicle turns left while ped crosses with ROW at inter.,Crossing with right of way,Normal, , , ,Yes, , , ,Yes, , , , ,Yes, , , ,37,Willowdale West (37),296
80000024,141603063,2014,1393390800000,1646,16,YORK MILLS RD,UPJOHN RD, ,Major Arterial,North York,16,0,0,33,0,0,43.75495,-79.350871,Intersection, ,No Control,Clear,Daylight,Dry,Fatal,Turning Movement,Driver,80 to 84,Fatal,5,East,"Automobile, Station Wagon",Going Ahead,Driving Properly,Normal, , , , , , , , ,Yes, , , , ,Yes, ,Yes, , , ,42,Banbury-Don Mills (42),297
6279258,1177531,2010,1279252800000,1647,16,JANE ST,DUNDAS ST W, ,Major Arterial,Toronto and East York,4,0,0,11,0,0,43.665745,-79.49119,Intersection,At Intersection,Traffic Signal,Clear,Daylight,Dry,Fatal,Turning Movement,Passenger,85 to 89,Fatal,25, ,Other, , , , , , , , , , , ,Yes, , ,Yes, ,Yes,Yes,Yes, , , ,89,Runnymede-Bloor West Village (89),298
6279259,1177531,2010,1279252800000,1647,16,JANE ST,DUNDAS ST W, ,Major Arterial,Toronto and East York,4,0,0,11,0,0,43.665745,-79.49119,Intersection,At Intersection,Traffic Signal,Clear,Daylight,Dry,Fatal,Turning Movement,Passenger,90 to 94,Fatal,24, ,Other, , , , , , , , , , , ,Yes, , ,Yes, ,Yes,Yes,Yes, , , ,89,Runnymede-Bloor West Village (89),299
5410250,1060516,2008,1222142400000,1652,16,HIGHWAY 27  S,DIXON RD, ,Major Arterial,Etobicoke York,1,0,0,23,0,0,43.683645,-79.58019,Mid-Block, ,No Control,Clear,Daylight,Wet,Fatal,Approaching,Driver,25 to 29,Fatal,41,North,"Automobile, Station Wagon",Pulling Away from Shoulder or Curb,Lost control,Unknown, , , , , , , , ,Yes, ,Yes, , , , , , , , ,1,West Humber-Clairville (1),300
80488918,5001534311,2015,1441425600000,1652,16,MAXWELL ST,HOVE ST,40 m South of,Local,North York,6,0,0,32,0,0,43.76113,-79.448695,Intersection,Non Intersection,No Control,Clear,Daylight,Dry,Fatal,SMV Other,Passenger,90 to 94,Fatal,45, , , , , , , , , , , , , ,Yes, , , , ,Yes, , , , , ,34,Bathurst Manor (34),301
80000091,5000212905,2015,1423112400000,1701,17,750 DANFORTH RD, , ,Major Arterial,Scarborough,20,0,0,41,0,0,43.720404,-79.257442,Mid-Block, ,No Control,Clear,"Daylight, artificial",Wet,Fatal,Pedestrian Collisions,Pedestrian,85 to 89,Fatal,4,North, , , , ,Pedestrian hit at mid-block,"Crossing, no Traffic Control",Unknown, , , ,Yes, ,Yes, , , , , ,Yes,Yes, , , ,124,Kennedy Park (124),302
5307417,1013236,2008,1199682000000,1702,17,AVENUE RD,CARMICHAEL AVE, ,Major Arterial,North York,8,0,0,32,0,0,43.737545,-79.42059,Intersection,At Intersection,Traffic Signal,Clear,Dark,Wet,Fatal,Pedestrian Collisions,Pedestrian,70 to 74,Fatal,3,West,Other, , , ,Vehicle turns left while ped crosses with ROW at inter.,Crossing with right of way,Normal, , , ,Yes, ,Yes, , , , , , , , , , ,39,Bedford Park-Nortown (39),303
5792457,1109820,2009,1245211200000,1708,17,KEELE ST,DUNDAS ST W, ,Major Arterial,Toronto and East York,4,0,0,11,0,0,43.664945,-79.46439,Mid-Block, ,No Control,Rain,Daylight,Wet,Fatal,Pedestrian Collisions,Pedestrian,85 to 89,Fatal,16,Unknown,Other, , , ,Pedestrian hit at mid-block,Other,Normal, , , ,Yes, , , ,Yes, , , , , , , , ,90,Junction Area (90),304
80950559,8001685122,2018,1536638400000,1708,17,LAKE SHORE BLVD W,SIXTH ST, ,Major Arterial,Etobicoke York,3,0,0,22,0,0,43.600909,-79.504077,Intersection,Non Intersection,No Control,Clear,Daylight,Dry,Fatal,Pedestrian Collisions,Pedestrian,70 to 74,Fatal,45,North,Other, , , ,Vehicle is going straight thru inter.while ped cross without ROW,"Crossing, no Traffic Control",Inattentive, , , ,Yes, ,Yes, , , , , , , , , , ,18,New Toronto (18),305
80493007,5001980850,2015,1447822800000,1710,17,MARKHAM RD,EGLINTON AVE E,55 m North of,Major Arterial,Scarborough,24,0,0,43,0,0,43.743716,-79.219142,Mid-Block,Non Intersection,No Control,Rain,"Dark, artificial",Wet,Fatal,Pedestrian Collisions,Pedestrian,45 to 49,Fatal,56,East, , , , ,Pedestrian hit at mid-block,"Crossing, no Traffic Control",Inattentive, , , ,Yes, ,Yes, , , , , , , , , , ,139,Scarborough Village (139),306
80545824,6001222638,2016,1468296000000,1710,17,BIRMINGHAM ST,ELSINORE PATH, ,Collector,Etobicoke York,3,0,0,22,0,0,43.602278,-79.510753,Intersection,At Intersection,No Control,Clear,Daylight,Dry,Fatal,SMV Other,Driver,55 to 59,Fatal,46,West,"Automobile, Station Wagon",Going Ahead,Lost control,Medical or Physical Disability, , , , , , , , ,Yes, , , , , , , , , ,Yes,18,New Toronto (18),307
80975003,8002016979,2018,1541044800000,1712,17,AVENUE RD,GLENGARRY AVE, ,Major Arterial,North York,8,0,0,32,0,0,43.722941,-79.415889,Intersection,Intersection Related,No Control,Rain,Dark,Dry,Fatal,Rear End,Passenger,55 to 59,Fatal,57, ,"Automobile, Station Wagon", , , , , , , , , , , ,Yes, , ,Yes, ,Yes, , , , , ,39,Bedford Park-Nortown (39),308
5437265,1072541,2008,1227675600000,1714,17,WARDEN AVE,FINCH AVE E, ,Major Arterial,Scarborough,22,0,0,42,0,0,43.794845,-79.31499,Mid-Block, ,No Control,Rain,Dark,Wet,Fatal,Pedestrian Collisions,Pedestrian,55 to 59,Fatal,53,West,Other, , , ,Pedestrian hit at mid-block,"Crossing, no Traffic Control",Unknown, , , ,Yes, ,Yes, , , , ,Yes, , , , , ,117,L'Amoreaux (117),309
7837533,1364430,2013,1373256000000,1715,17,MCCOWAN RD,KENHATCH BLVD, ,Major Arterial,Scarborough,23,0,0,42,0,0,43.801444,-79.263789,Intersection, ,Traffic Signal,Rain,Daylight,Wet,Fatal,Pedestrian Collisions,Pedestrian,65 to 69,Fatal,24,East, , , , ,Pedestrian involved in a collision with transit vehicle anywhere along roadway,Crossing without right of way,Inattentive, , , ,Yes, , , , ,Yes, , , , , , , ,129,Agincourt North (129),310
80493934,5002054157,2015,1448859600000,1715,17,BATHURST ST,MARMION AVE,7 m East of,Major Arterial,North York,8,0,0,32,0,0,43.726615,-79.431415,Intersection,Intersection Related,No Control,Clear,"Dark, artificial",Dry,Fatal,Pedestrian Collisions,Pedestrian,65 to 69,Fatal,60,Unknown, , , , ,Vehicle turns left while ped crosses with ROW at inter.,"Crossing, no Traffic Control",Normal, , , ,Yes, ,Yes, , , , , , ,Yes, , , ,39,Bedford Park-Nortown (39),311
80792367,8000009665,2018,1514869200000,1718,17,BRIMLEY RD,HEATHER RD, ,Major Arterial,Scarborough,23,0,0,42,0,0,43.790507,-79.269923,Intersection,Intersection Related,No Control,Clear,"Dusk, artificial",Dry,Fatal,Pedestrian Collisions,Pedestrian,70 to 74,Fatal,2,West, , , , ,Pedestrian hit at mid-block,"Crossing, no Traffic Control",Inattentive, , , ,Yes, ,Yes, , , , , , , , , , ,129,Agincourt North (129),312
6226426,1204296,2010,1290747600000,1719,17,HUMEWOOD GDNS,RUSHTON RD, ,Local,Toronto and East York,12,0,0,13,0,0,43.682945,-79.42839,Intersection,At Intersection,Stop Sign,Clear,Dark,Dry,Fatal,Pedestrian Collisions,Pedestrian,75 to 79,Fatal,38,North,Other, , , ,Vehicle is going straight thru inter.while ped cross with ROW,Crossing with right of way,Normal, , , ,Yes, ,Yes, , , , , , ,Yes, , , ,106,Humewood-Cedarvale (106),313
7516276,1327765,2012,1353992400000,1720,17,MIDLAND AVE,KILCULLEN CASTLE GT, ,Major Arterial,Scarborough,2223,23,22,42,0,0,43.809645,-79.28999,Intersection, ,No Control,Clear,"Dark, artificial",Dry,Fatal,Pedestrian Collisions,Pedestrian,40 to 44,Fatal,40,Unknown,Other, , , ,Pedestrian hit at mid-block,"Crossing, no Traffic Control",Unknown, , , ,Yes, ,Yes, , , , , , , , , , ,130,Milliken (130),314
5353058,1035405,2008,1209355200000,1722,17,REXDALE Boul,QUEENS PLATE Driv, ,Major Arterial,Etobicoke York,1,0,0,23,0,0,43.719145,-79.60349,Intersection,At Intersection,No Control,Clear,Daylight,Dry,Fatal,Pedestrian Collisions,Pedestrian,85 to 89,Fatal,15, ,Other,Other, , ,Pedestrian hit on sidewalk or shoulder,On Sidewalk or Shoulder,Normal, , , ,Yes, ,Yes, , , , , , , , , ,Yes,1,West Humber-Clairville (1),315
80485494,4002616805,2014,1406865600000,1722,17,SHEPPARD AVE E,NEILSON RD, ,Major Arterial,Scarborough,2325,25,23,42,0,0,43.798106,-79.21767,Intersection,Intersection Related,Traffic Signal,Clear,Daylight,Dry,Fatal,Cyclist Collisions,Cyclist,15 to 19,Fatal,18,North,Bicycle,Going Ahead, , , , , ,"Motorist without ROW drives into path of cyclist at inter, lnwy, dwy-Driver not turn.",Driving Properly,Inattentive, ,Yes,Yes, , , , , ,Yes,Yes, , , ,132,Malvern (132),316
80503948,6000688444,2016,1461297600000,1727,17,VICTORIA PARK AVE,PATRICK BLVD, ,Major Arterial,Scarborough,1722,22,17,3342,42,33,43.777732,-79.324161,Intersection,Intersection Related,Traffic Signal,Clear,Daylight,Dry,Fatal,Pedestrian Collisions,Pedestrian,55 to 59,Fatal,26,East, , , , ,Vehicle is going straight thru inter.while ped cross without ROW,Crossing without right of way,Inattentive, , , ,Yes, ,Yes, , , , , , , , , , ,117,L'Amoreaux (117),317
80542830,6000936557,2016,1464580800000,1728,17,4 EWART AVE, , ,Local,Etobicoke York,5,0,0,12,0,0,43.688113,-79.467433,Intersection,Non Intersection,No Control,Clear,Daylight,Dry,Fatal,Other,Driver,65 to 69,Fatal,34,Unknown,"Automobile, Station Wagon",Reversing,Other,Unknown, , , , , , , , ,Yes, , , , , , , , , , ,110,Keelesdale-Eglinton West (110),318
80566422,6002001573,2016,1478754000000,1732,17,BRIMLEY RD,GAGE AVE, ,Major Arterial,Scarborough,21,0,0,4143,43,41,43.750491,-79.254108,Mid-Block,Non Intersection,No Control,Clear,"Dark, artificial",Dry,Fatal,Pedestrian Collisions,Pedestrian,60 to 64,Fatal,71,West, , , , ,Pedestrian hit at mid-block,"Crossing, no Traffic Control",Inattentive, , , ,Yes, ,Yes, , , , , , , , , , ,127,Bendale (127),319
6281421,1209440,2010,1293512400000,1734,17,STEELES AVE E,SILVER STAR BLVD, ,Major Arterial,Scarborough,22,0,0,42,0,0,43.825345,-79.29999,Intersection,At Intersection,Traffic Signal,Snow,Dark,Wet,Fatal,Pedestrian Collisions,Pedestrian,30 to 34,Fatal,43,North,Other, , , ,Pedestrian hit at mid-block,"Crossing, no Traffic Control",Unknown, , , ,Yes, ,Yes, , , , ,Yes, , , , , ,0, ,320
7802745,1349359,2013,1364529600000,1734,17,LAKE SHORE BLVD E,DON ROADWAY, ,Expressway,Toronto and East York,1014,14,10,51,0,0,43.650244,-79.348491,Mid-Block, ,No Control,Clear,Daylight,Dry,Fatal,SMV Other,Passenger,15 to 19,Fatal,8, , , , , , , , , , , , , ,Yes, , , , ,Yes,Yes,Yes, , , ,77,Waterfront Communities-The Island (77),321
8000330,5000611703,2015,1428897600000,1734,17,WILSON AVE,WILLIAM CRAGG DR, ,Major Arterial,North York,6,0,0,31,0,0,43.722663,-79.499889,Mid-Block, ,No Control,Clear,Daylight,Dry,Fatal,Rear End,Driver,85 to 89,Fatal,18,West,"Automobile, Station Wagon",Going Ahead,Following too Close,Inattentive, , , , , , , , ,Yes, , ,Yes, , , ,Yes, , , ,26,Downsview-Roding-CFB (26),322
80785526,6001682532,2016,1474430400000,1735,17,ST CLAIR AVE W,RUSHTON RD,23 m West of,Major Arterial,Toronto and East York,12,0,0,13,0,0,43.681227,-79.427661,Intersection,Intersection Related,No Control,Clear,Daylight,Dry,Fatal,Pedestrian Collisions,Pedestrian,65 to 69,Fatal,78,South, , , , ,Pedestrian hit at mid-block,"Crossing, no Traffic Control",Had Been Drinking, , , ,Yes, ,Yes, , , , ,Yes, , , , , ,94,Wychwood (94),323
80790886,7003222099,2017,1513573200000,1735,17,EGLINTON AVE W,WESTON RD, ,Major Arterial,Etobicoke York,5,0,0,12,0,0,43.685427,-79.495136,Mid-Block,Non Intersection,No Control,Clear,Daylight,Wet,Fatal,Pedestrian Collisions,Pedestrian,85 to 89,Fatal,59,South, , , , ,Pedestrian hit at mid-block,"Crossing, no Traffic Control",Inattentive, , , ,Yes, ,Yes, , , , , , , , , , ,115,Mount Dennis (115),324
80485919,4003516677,2014,1418965200000,1740,17,FINCH AVE E,NEILSON RD, ,Minor Arterial,Scarborough,2325,25,23,42,0,0,43.816252,-79.227596,Intersection,At Intersection,Traffic Signal,Clear,Dark,Dry,Fatal,Pedestrian Collisions,Pedestrian,10 to 14,Fatal,48,West, , , , ,Vehicle turns right while ped crosses with ROW at inter.,Other,Other, , , ,Yes, , , , ,Yes, , , ,Yes, , , ,132,Malvern (132),325
80000018,131098349,2013,1386219600000,1741,17,DUNDAS ST W,CLAREMONT ST, ,Major Arterial,Toronto and East York,1110,10,11,14,0,0,43.651168,-79.411594,Intersection, ,No Control,Clear,"Dark, artificial",Dry,Fatal,Pedestrian Collisions,Pedestrian,90 to 94,Fatal,62,North, , , , ,Pedestrian hit at mid-block,"Crossing, no Traffic Control",Normal, , , ,Yes, ,Yes, , , , , , , , , , ,81,Trinity-Bellwoods (81),326
80485688,4003074555,2014,1412827200000,1745,17,KING ST W,JAMESON AVE,14 m West of,Major Arterial,Toronto and East York,4,0,0,14,0,0,43.637053,-79.436572,Mid-Block,Intersection Related,No Control,Clear,Dusk,Dry,Fatal,Pedestrian Collisions,Pedestrian,80 to 84,Fatal,33,North, , , , ,Pedestrian hit at mid-block,"Crossing, no Traffic Control",Inattentive, , , ,Yes, , , ,Yes, , , , , , , , ,85,South Parkdale (85),327
5319397,1019756,2008,1202446800000,1749,17,WILSON AVE,ALLINGHAM GDNS, ,Major Arterial,North York,6,0,0,32,0,0,43.735545,-79.44269,Intersection,At Intersection,Traffic Signal,Rain,Daylight,Wet,Fatal,Pedestrian Collisions,Pedestrian,20 to 24,Fatal,7,South,Other, , , ,Vehicle is going straight thru inter.while ped cross without ROW,Crossing without right of way,"Ability Impaired, Alcohol", , , ,Yes, ,Yes, , , , ,Yes, , , , , ,33,Clanton Park (33),328
80875565,8000560882,2018,1522209600000,1749,17,MOUNT PLEASANT RD,CARSTOWE RD, ,Major Arterial,Toronto and East York,11,0,0,53,0,0,43.68439,-79.383662,Mid-Block,Non Intersection,No Control,Clear,Daylight,Dry,Fatal,Turning Movement,Motorcycle Driver,35 to 39,Fatal,17,North,Motorcycle,Going Ahead,Improper Passing,Normal, , , , , , , , ,Yes,Yes, , , , ,Yes,Yes, , , ,98,Rosedale-Moore Park (98),329
80975915,8002171142,2018,1543122000000,1750,17,BELLAMY RD N,CEDAR BRAE BLVD, ,Minor Arterial,Scarborough,21,0,0,43,0,0,43.741534,-79.232578,Intersection,At Intersection,Stop Sign,Clear,"Dark, artificial",Dry,Fatal,Pedestrian Collisions,Pedestrian,80 to 84,Fatal,62,North, , , , ,Vehicle is going straight thru inter.while ped cross with ROW,Crossing with right of way,Normal, , , ,Yes, ,Yes, , , , , , ,Yes, , , ,138,Eglinton East (138),330
80251173,5001640604,2015,1442894400000,1751,17,QUEEN ST E,BERKELEY ST,2 m West of,Major Arterial,Toronto and East York,13,0,0,51,0,0,43.655329,-79.365749,Intersection,Intersection Related,No Control,Clear,Daylight,Dry,Fatal,Pedestrian Collisions,Pedestrian,90 to 94,Fatal,52,South, , , , ,Vehicle is going straight thru inter.while ped cross without ROW,Crossing without right of way,Normal, , , ,Yes, ,Yes, , , , , , , , , , ,73,Moss Park (73),331
80485306,6000179020,2016,1454130000000,1753,17,DUFFERIN ST,ARMSTRONG AVE, ,Major Arterial,Toronto and East York,9,0,0,1114,14,11,43.664706,-79.437427,Intersection, ,No Control,Clear,"Dark, artificial",Dry,Fatal,Pedestrian Collisions,Pedestrian,90 to 94,Fatal,7,West, , , , ,Vehicle is going straight thru inter.while ped cross without ROW,"Crossing, no Traffic Control",Inattentive, , , ,Yes, ,Yes, , , , , , , , , , ,93,Dovercourt-Wallace Emerson-Junction (93),332
5420532,1064977,2008,1224216000000,1755,17,LUMSDEN AVE,GLEDHILL AVE, ,Minor Arterial,Toronto and East York,19,0,0,54,0,0,43.693645,-79.31159,Intersection,At Intersection,Pedestrian Crossover,Clear,Daylight,Dry,Fatal,Pedestrian Collisions,Pedestrian,70 to 74,Fatal,46,South,Other, , , ,Pedestrian hit a PXO/ped. Mid-block signal,"Crossing, Pedestrian Crossover",Normal, , , ,Yes, ,Yes, , , , , , ,Yes, , , ,60,Woodbine-Lumsden (60),333
80000026,141945030,2014,1398225600000,1755,17,DUNDAS ST W,KENSINGTON AVE, ,Major Arterial,Toronto and East York,1110,10,11,14,0,0,43.652541,-79.39986,Intersection, ,No Control,Clear,"Daylight, artificial",Dry,Fatal,Pedestrian Collisions,Pedestrian,25 to 29,Fatal,7,South, , , , ,Vehicle is going straight thru inter.while ped cross without ROW,"Crossing, no Traffic Control",Inattentive, , , ,Yes, ,Yes, , , , , , , , , , ,78,Kensington-Chinatown (78),334
80491926,5001891795,2015,1446526800000,1755,17,HIGHWAY 27  N,VICE REGENT BLVD, ,Major Arterial,Etobicoke York,1,0,0,23,0,0,43.711352,-79.592754,Intersection,Intersection Related,No Control,Clear,"Dark, artificial",Dry,Fatal,Cyclist Collisions,Cyclist,55 to 59,Fatal,54,East,Bicycle,Going Ahead, , , , , ,"Cyclist without ROW rides into path of motorist at inter, lnwy, dwy-Cyclist not turn.",Other,Unknown, ,Yes,Yes, , , , , , , , , , ,1,West Humber-Clairville (1),335