Index_,ACCNUM,YEAR,DATE,TIME,Hour,STREET1,STREET2,OFFSET,ROAD_CLASS,District,WardNum,WardNum_X,WardNum_Y,Division,Division_X,Division_Y,LATITUDE,LONGITUDE,LOCCOORD,ACCLOC,TRAFFCTL,VISIBILITY,LIGHT,RDSFCOND,ACCLASS,IMPACTYPE,INVTYPE,INVAGE,INJURY,FATAL_NO,INITDIR,VEHTYPE,MANOEUVER,DRIVACT,DRIVCOND,PEDTYPE,PEDACT,PEDCOND,CYCLISTYPE,CYCACT,CYCCOND,PEDESTRIAN,CYCLIST,AUTOMOBILE,MOTORCYCLE,TRUCK,TRSN_CITY_,EMERG_VEH,PASSENGER,SPEEDING,AG_DRIV,REDLIGHT,ALCOHOL,DISABILITY,Hood_ID,Neighbourh,ObjectId
5808432,1136272,2009,1258002000000,1759,17,BIRCHMOUNT RD,ROLARK DR, ,Major Arterial,Scarborough,21,0,0,41,0,0,43.767645,-79.29229,Intersection, ,No Control,Clear,Dusk,Dry,Fatal,Pedestrian Collisions,Pedestrian,45 to 49,Fatal,39,West,Other, , , ,Vehicle is going straight thru inter.while ped cross without ROW,"Crossing, no Traffic Control",Inattentive, , , ,Yes, ,Yes, , , , , , , , , , ,119,Wexford/Maryvale (119),336
6804925,1248931,2011,1313208000000,1800,18,28 REGATTA CRES, , ,Local,North York,18,0,0,32,0,0,43.789345,-79.44389,Intersection, ,No Control,Clear,Daylight,Dry,Fatal,Pedestrian Collisions,Pedestrian,75 to 79,Fatal,19,South,Other, , , ,Pedestrian hit at private driveway,On Sidewalk or Shoulder,Unknown, , , ,Yes, ,Yes, , , , , , , , , , ,36,Newtonbrook West (36),337
8000204,143362651,2014,1416805200000,1800,18,ELLESMERE RD,MILITARY TRL, ,Major Arterial,Scarborough,24,0,0,43,0,0,43.779742,-79.217136,Intersection,At Intersection,Traffic Signal,Clear,"Dark, artificial",Dry,Fatal,Angle,Driver,25 to 29,Fatal,44,South,"Automobile, Station Wagon",Going Ahead,Disobeyed Traffic Control,"Ability Impaired, Alcohol", , , , , , , , ,Yes, , , , , , ,Yes,Yes,Yes, ,135,Morningside (135),338
80542280,6000923025,2016,1464408000000,1800,18,THE WEST MALL,WESTSIDE DR, ,Minor Arterial,Etobicoke York,3,0,0,22,0,0,43.618773,-79.564426,Mid-Block,Non Intersection,No Control,Clear,Daylight,Dry,Fatal,Approaching,Driver,20 to 24,Fatal,33,South,"Automobile, Station Wagon",Changing Lanes,Lost control,Inattentive, , , , , , , , ,Yes, , , , ,Yes,Yes,Yes, , , ,14,Islington-City Centre West (14),339
80975446,8002139374,2018,1542690000000,1804,18,665 LAWRENCE AVE W, , ,Expressway,North York,8,0,0,3213,13,32,43.716181,-79.443141,Intersection,At Intersection,Traffic Signal,Clear,Dark,Dry,Fatal,Pedestrian Collisions,Pedestrian,55 to 59,Fatal,61,West, , , , ,Pedestrian involved in a collision with transit vehicle anywhere along roadway,Crossing with right of way,Unknown, , , ,Yes, , , , ,Yes, , , ,Yes, , , ,32,Englemount-Lawrence (32),340
7859717,1373856,2013,1378353600000,1805,18,MILNER AVE,SCUNTHORPE RD, ,Minor Arterial,Scarborough,23,0,0,42,0,0,43.788844,-79.240093,Intersection, ,Pedestrian Crossover,Clear,Daylight,Dry,Fatal,Pedestrian Collisions,Pedestrian,85 to 89,Fatal,38,South, , , , ,Pedestrian hit a PXO/ped. Mid-block signal,"Crossing, Pedestrian Crossover",Unknown, , , ,Yes, , , ,Yes, , , , ,Yes, , , ,128,Agincourt South-Malvern West (128),341
80741714,7000659290,2017,1492142400000,1805,18,SPADINA AVE,SULLIVAN ST,50 m North,Major Arterial,Toronto and East York,10,0,0,1452,52,14,43.651316,-79.397403,Mid-Block,Non Intersection,No Control,Clear,Daylight,Dry,Fatal,Pedestrian Collisions,Pedestrian,65 to 69,Fatal,18,East, , , , ,Pedestrian involved in a collision with transit vehicle anywhere along roadway,"Crossing, no Traffic Control",Had Been Drinking, , , ,Yes, , , , ,Yes, , , , , , , ,78,Kensington-Chinatown (78),342
80485976,4003563376,2014,1419742800000,1809,18,SHEPPARD AVE E,BRIDLEWOOD BLVD,37 m West of,Major Arterial,Scarborough,22,0,0,42,0,0,43.777014,-79.315486,Intersection,Non Intersection,No Control,Clear,"Dark, artificial",Dry,Fatal,Pedestrian Collisions,Pedestrian,80 to 84,Fatal,49,South, , , , ,Pedestrian hit at mid-block,"Crossing, no Traffic Control",Inattentive, , , ,Yes, , , ,Yes, , ,Yes, , , , , ,118,Tam O'Shanter-Sullivan (118),343
6096025,1146660,2010,1262926800000,1810,18,FINCH AVE W,YORK GATE BLVD, ,Major Arterial,Etobicoke York,7,0,0,31,0,0,43.756945,-79.51989,Mid-Block,At Intersection,No Control,Clear,Dark,Dry,Fatal,Pedestrian Collisions,Pedestrian,85 to 89,Fatal,9,North,Other, , , ,Pedestrian hit at mid-block,"Crossing, no Traffic Control",Normal, , , ,Yes, ,Yes, , , , , , , , , , ,24,Black Creek (24),344
80780910,7001442419,2017,1502337600000,1810,18,SHEPPARD AVE E,WATER TOWER GT,30  m East of,Major Arterial,Scarborough,25,0,0,42,0,0,43.803004,-79.194843,Intersection,At Intersection,Traffic Signal,Clear,Daylight,Dry,Fatal,Rear End,Driver,50 to 54,Fatal,34,West,"Automobile, Station Wagon",Going Ahead,Lost control,Unknown, , , , , , , , ,Yes, , ,Yes, , , , , , , ,131,Rouge (131),345
80545822,6001157650,2016,1467432000000,1812,18,QUEENS QUAY E,BONNYCASTLE ST,65.6 M E of,Minor Arterial,Toronto and East York,10,0,0,51,0,0,43.645873,-79.363429,Mid-Block,Non Intersection,No Control,Clear,Daylight,Dry,Fatal,SMV Other,Passenger,35 to 39,Fatal,45, , , , , , , , , , , , , ,Yes, , , , ,Yes,Yes,Yes, , , ,77,Waterfront Communities-The Island (77),346
80741775,7000811654,2017,1494216000000,1815,18,WILSON AVE,WILSON HEIGHTS BLVD, ,Major Arterial,North York,6,0,0,32,0,0,43.734515,-79.447238,Intersection,At Intersection,Traffic Signal,Clear,Daylight,Dry,Fatal,Turning Movement,Motorcycle Driver,25 to 29,Fatal,22,North,Motorcycle,Going Ahead,Driving Properly,Normal, , , , , , , , ,Yes,Yes, , , , , ,Yes, , , ,33,Clanton Park (33),347
80741779,7000917334,2017,1495598400000,1815,18,1395 LAKE SHORE BLVD W, , ,Expressway,Toronto and East York,4,0,0,14,0,0,43.635432,-79.441371,Mid-Block,Non Intersection,No Control,Clear,Daylight,Dry,Fatal,Cyclist Collisions,Cyclist,5 to 9,Fatal,24,West,Bicycle,Going Ahead, , , , , ,Insufficient information (to determine cyclist crash type).,Lost control,Normal, ,Yes, , , , , , , , , , , ,85,South Parkdale (85),348
80792369,8000040229,2018,1515301200000,1816,18,EGLINTON AVE W,ROYAL YORK RD, ,Major Arterial,Etobicoke York,2,0,0,2322,22,23,43.68162,-79.52972,Mid-Block,Non Intersection,Traffic Signal,Other,Daylight,Other,Fatal,Approaching,Driver,85 to 89,Fatal,3,West,"Automobile, Station Wagon",Going Ahead,Driving Properly,Unknown, , , , , , , , ,Yes, , , , , , ,Yes, ,Yes, ,9,Edenbridge-Humber Valley (9),349
80792380,8000053420,2018,1515474000000,1817,18,EGLINTON AVE E,ROSEMOUNT DR,W of,Major Arterial,Scarborough,2120,20,21,41,0,0,43.730475,-79.275096,Mid-Block,Non Intersection,No Control,Clear,Dark,Wet,Fatal,Pedestrian Collisions,Pedestrian,70 to 74,Fatal,5,North, , , , ,Pedestrian hit at mid-block,"Crossing, no Traffic Control",Normal, , , ,Yes, ,Yes, , , , , , , , , , ,125,Ionview (125),350
80975010,8002088211,2018,1541998800000,1822,18,ELLESMERE  RD,NEILSON  RD, ,Major Arterial,Scarborough,24,0,0,43,0,0,43.783129,-79.202304,Mid-Block,Non Intersection,No Control,Clear,Dark,Dry,Fatal,Pedestrian Collisions,Pedestrian,50 to 54,Fatal,60,Unknown, , , , ,Pedestrian hit at mid-block,Other,Unknown, , , ,Yes, ,Yes, , , , , , , , , , ,135,Morningside (135),351
5313833,1017137,2008,1201237200000,1823,18,ROGERS RD,KANE AVE, ,Minor Arterial,Toronto and East York,509,9,5,12,0,0,43.682045,-79.46649,Intersection, ,Stop Sign,Clear,Dark,Dry,Fatal,Angle,Driver,75 to 79,Fatal,5,South,"Automobile, Station Wagon",Going Ahead,Failed to Yield Right of Way,Normal, , , , , , , , ,Yes, , , , ,Yes,Yes,Yes, , , ,110,Keelesdale-Eglinton West (110),352
6100287,1149753,2010,1264395600000,1825,18,SYMINGTON AVE,DAVENPORT RD, ,Minor Arterial,Toronto and East York,9,0,0,11,0,0,43.670745,-79.45329,Intersection,At Intersection,Traffic Signal,Clear,Dark,Wet,Fatal,Pedestrian Collisions,Pedestrian,35 to 39,Fatal,8,South,Other, , , ,Pedestrian hit at mid-block,"Crossing, no Traffic Control",Unknown, , , ,Yes, ,Yes, , , , , , , , , , ,91,Weston-Pellam Park (91),353
80546795,6001334259,2016,1469764800000,1825,18,KINGSTON RD,GUILDCREST DR, ,Major Arterial,Scarborough,24,0,0,43,0,0,43.747851,-79.207637,Intersection,At Intersection,No Control,Clear,Daylight,Dry,Fatal,Pedestrian Collisions,Pedestrian,60 to 64,Fatal,48,East, , , , ,Vehicle is going straight thru inter.while ped cross with ROW,Crossing with right of way,Unknown, , , ,Yes, ,Yes, , ,Yes, , ,Yes,Yes, , , ,140,Guildwood (140),354
5307141,1012986,2008,1199509200000,1826,18,EGLINTON AVE E,OSWEGO RD, ,Major Arterial,Scarborough,2120,20,21,43,0,0,43.737645,-79.24369,Intersection, ,No Control,Rain,Dark,Wet,Fatal,Pedestrian Collisions,Pedestrian,30 to 34,Fatal,1,North,Other, , , ,Vehicle is going straight thru inter.while ped cross without ROW,"Crossing, no Traffic Control",Normal, , , ,Yes, ,Yes, , , , , , , , , , ,138,Eglinton East (138),355
80546945,6001378926,2016,1470369600000,1829,18,REXDALE BLVD,HUMBERWOOD BLVD, ,Major Arterial,Etobicoke York,1,0,0,23,0,0,43.720599,-79.611308,Mid-Block,Non Intersection,No Control,Clear,Daylight,Dry,Fatal,Approaching,Motorcycle Driver,25 to 29,Fatal,51,East,Motorcycle,Going Ahead,Lost control,Unknown, , , , , , , , , ,Yes,Yes, , , ,Yes,Yes, , , ,1,West Humber-Clairville (1),356
80609326,7000045777,2017,1483851600000,1829,18,ELLESMERE RD,MONDEO DR, ,Major Arterial,Scarborough,21,0,0,41,0,0,43.764189,-79.287677,Intersection,At Intersection,Traffic Signal,Clear,"Dark, artificial",Dry,Fatal,Pedestrian Collisions,Pedestrian,75 to 79,Fatal,2,North, , , , ,Vehicle is going straight thru inter.while ped cross without ROW,Crossing without right of way,Inattentive, , , ,Yes, ,Yes, , , , , , , , , , ,126,Dorset Park (126),357
6806195,1267274,2011,1322802000000,1830,18,LAWRENCE AVE E,TOWNLEY AVE, ,Major Arterial,Scarborough,21,0,0,41,0,0,43.742645,-79.30729,Intersection,At Intersection,No Control,Clear,"Dusk, artificial",Dry,Fatal,Pedestrian Collisions,Pedestrian,65 to 69,Fatal,33,South,Other, , , ,Pedestrian hit at mid-block,"Crossing, no Traffic Control",Unknown, , , ,Yes, ,Yes, , , , , , , , , , ,119,Wexford/Maryvale (119),358
80985325,8002249590,2018,1544158800000,1830,18,FINCH AVE E,WAYSIDE AVE, ,Major Arterial,Scarborough,22,0,0,42,0,0,43.800383,-79.299571,Intersection,At Intersection,Traffic Signal,Clear,Dark,Dry,Fatal,Pedestrian Collisions,Pedestrian,80 to 84,Fatal,64,North, , , , ,Pedestrian hit at mid-block,"Crossing, no Traffic Control",Normal, , , ,Yes, ,Yes, , , , , , , , , , ,117,L'Amoreaux (117),359
80545161,6001183781,2016,1467777600000,1831,18,401 C W MCCOWAN N RAMP RD,MCCOWAN RD, ,Expressway,Scarborough,23,0,0,42,0,0,43.783583,-79.255756,Mid-Block,At Intersection,No Control,Clear,Daylight,Dry,Fatal,SMV Other,Motorcycle Driver,40 to 44,Fatal,42,West,Motorcycle,Going Ahead,Lost control,Unknown, , , , , , , , ,Yes,Yes, , , , ,Yes,Yes, , , ,128,Agincourt South-Malvern West (128),360
80781641,7001609405,2017,1504584000000,1832,18,CODSELL AVE,MAXWELL ST, ,Local,North York,6,0,0,32,0,0,43.756312,-79.446689,Intersection,At Intersection,Stop Sign,Clear,Daylight,Dry,Fatal,Pedestrian Collisions,Pedestrian,70 to 74,Fatal,40,South, , , , ,Vehicle is going straight thru inter.while ped cross with ROW,Crossing with right of way,Unknown, , , ,Yes, ,Yes, , , , , , ,Yes, , , ,34,Bathurst Manor (34),361
80500883,6000414700,2016,1457499600000,1835,18,STEELES AVE W,ISLINGTON AVE, ,Major Arterial,Etobicoke York,7,0,0,31,0,0,43.764662,-79.573322,Mid-Block, ,No Control,Clear,Daylight,Dry,Fatal,Rear End,Motorcycle Driver,25 to 29,Fatal,16,West,Motorcycle,Going Ahead,Speed too Fast For Condition,Unknown, , , , , , , , , ,Yes, , , , ,Yes,Yes, , , ,21,Humber Summit (21),362
6622971,1230701,2011,1304136000000,1837,18,F G GARDINER XY Expr E,CHERRY ST, ,Expressway,Toronto and East York,10,0,0,51,0,0,43.649045,-79.35619,Intersection, ,No Control,Clear,Daylight,Dry,Fatal,SMV Other,Motorcycle Driver,25 to 29,Fatal,8,East,Motorcycle,Going Ahead,Exceeding Speed Limit,Had Been Drinking, , , , , , , , ,Yes,Yes, , , , ,Yes,Yes, , , ,77,Waterfront Communities-The Island (77),363
5407846,1059399,2008,1221624000000,1838,18,KINGSTON RD,WOODBINE AVE, ,Major Arterial,Toronto and East York,19,0,0,55,0,0,43.673945,-79.30789,Intersection,At Intersection,Traffic Signal,Clear,Daylight,Dry,Fatal,Approaching,Truck Driver,45 to 49,Fatal,40,West,Truck - Open,Going Ahead,Lost control,Medical or Physical Disability, , , , , , , , ,Yes, ,Yes, , , , , , , ,Yes,63,The Beaches (63),364
80793692,8000332004,2018,1519189200000,1838,18,37 WILLIAM KITCHEN RD, , ,Collector,Scarborough,21,0,0,41,0,0,43.773322,-79.282741,Mid-Block,Non Intersection,No Control,Clear,"Dark, artificial",Dry,Fatal,Pedestrian Collisions,Pedestrian,40 to 44,Fatal,12,North, , , , ,Pedestrian hit at mid-block,"Crossing, no Traffic Control",Inattentive, , , ,Yes, , , ,Yes, , , , , , , , ,126,Dorset Park (126),365
7855344,1372001,2013,1377230400000,1840,18,QUEEN ST W,WILSON PARK RD, ,Major Arterial,Toronto and East York,4,0,0,1114,14,11,43.639426,-79.442485,Intersection, ,No Control,Clear,Daylight,Dry,Fatal,Pedestrian Collisions,Pedestrian,70 to 74,Fatal,34,South, , , , ,Vehicle is going straight thru inter.while ped cross without ROW,"Crossing, no Traffic Control",Unknown, , , ,Yes, ,Yes, , , , , , , , , , ,85,South Parkdale (85),366
8000213,143474139,2014,1418360400000,1840,18,COXWELL AVE,COSBURN AVE, ,Minor Arterial,Scarborough,1419,19,14,54,0,0,43.694125,-79.328006,Intersection,At Intersection,Traffic Signal,Clear,"Dusk, artificial",Dry,Fatal,Pedestrian Collisions,Pedestrian,40 to 44,Fatal,51,North, , , , ,Vehicle turns left while ped crosses with ROW at inter.,Crossing with right of way,Normal, , , ,Yes, ,Yes, , , , , , , , , , ,59,Danforth East York (59),367
7467253,1316338,2012,1348286400000,1845,18,264 ATTWELL DR, , ,Collector,Etobicoke York,1,0,0,23,0,0,43.695545,-79.58959,Mid-Block, ,No Control,Clear,Daylight,Dry,Fatal,Pedestrian Collisions,Pedestrian,15 to 19,Fatal,32,South,Other, , , ,Pedestrian hit on sidewalk or shoulder,On Sidewalk or Shoulder,Normal, , , ,Yes, ,Yes, , , , , , , , , , ,1,West Humber-Clairville (1),368
80790890,7003236001,2017,1513746000000,1845,18,PASSMORE AVE,MAYBROOK DR, ,Collector,Scarborough,23,0,0,42,0,0,43.827811,-79.262767,Mid-Block,Non Intersection,No Control,Other,Daylight,Other,Fatal,Pedestrian Collisions,Pedestrian,55 to 59,Fatal,61,South, , , , ,Pedestrian hit at mid-block,"Crossing, no Traffic Control",Unknown, , , ,Yes, ,Yes, , , , , , , , , , ,130,Milliken (130),369
7808074,1351606,2013,1365825600000,1846,18,KENNEDY RD,401 C E KENNEDY RAMP RD E, ,Expressway,Scarborough,21,0,0,41,0,0,43.773146,-79.283893,Intersection,At Intersection,Traffic Signal,Clear,Dusk,Dry,Fatal,Cyclist Collisions,Cyclist,35 to 39,Fatal,10,North,Bicycle,Going Ahead, , , , , ,"Motorist without ROW drives into path of cyclist at inter, lnwy, dwy-Driver not turn.",Driving Properly,Unknown, ,Yes,Yes, , , , ,Yes,Yes,Yes,Yes,Yes, ,126,Dorset Park (126),370
80000017,131092293,2013,1386133200000,1847,18,DUMONT ST,OTONABEE AVE, ,Local,North York,18,0,0,32,0,0,43.795355,-79.415706,Intersection, ,No Control,Clear,"Dark, artificial",Dry,Fatal,Pedestrian Collisions,Pedestrian,75 to 79,Fatal,61,East, , , , ,Pedestrian hit at mid-block,"Crossing, no Traffic Control",Unknown, , , ,Yes, ,Yes, , , , , , , , , , ,50,Newtonbrook East (50),371
7843224,1366764,2013,1374120000000,1850,18,185 FALLINGBROOK RD, , ,Collector,Scarborough,20,0,0,41,0,0,43.684645,-79.280292,Intersection, ,No Control,Clear,Daylight,Dry,Fatal,Pedestrian Collisions,Pedestrian,35 to 39,Fatal,22,Unknown, , , , ,Pedestrian hit at mid-block,Other,Had Been Drinking, , , ,Yes, ,Yes, , , , , , , , , , ,122,Birchcliffe-Cliffside (122),372
80951123,8001732179,2018,1537243200000,1850,18,KEELE ST,AILEEN AVE, ,Major Arterial,Etobicoke York,5,0,0,12,0,0,43.683169,-79.472026,Intersection,At Intersection,No Control,Clear,Daylight,Dry,Fatal,Turning Movement,Motorcycle Driver,40 to 44,Fatal,47,North,Motorcycle,Going Ahead,Lost control,Unknown, , , , , , , , ,Yes,Yes, , , , ,Yes,Yes, , , ,110,Keelesdale-Eglinton West (110),373
7774165,1334928,2013,1357794000000,1851,18,MORNINGSIDE AVE,OLD FINCH AVE, ,Minor Arterial,Scarborough,25,0,0,42,0,0,43.818743,-79.215091,Intersection,At Intersection,Traffic Signal,Clear,Dark,Dry,Fatal,Turning Movement,Driver,70 to 74,Fatal,1,North,"Automobile, Station Wagon",Going Ahead,Disobeyed Traffic Control,Unknown, , , , , , , , ,Yes, , ,Yes, , ,Yes,Yes,Yes, , ,132,Malvern (132),374
80973077,8001843657,2018,1538712000000,1852,18,708 SCARLETT RD, ,LEGGETT AVE,Major Arterial,Etobicoke York,2,0,0,23,0,0,43.695372,-79.520099,Mid-Block,Non Intersection,No Control,Clear,Daylight,Dry,Fatal,Turning Movement,Motorcycle Driver,45 to 49,Fatal,51,South,Motorcycle,Going Ahead,Driving Properly,Unknown, , , , , , , , ,Yes,Yes, , , , , ,Yes, , , ,8,Humber Heights-Westmount (8),375
80985217,8002363781,2018,1545800400000,1853,18,4968 DUNDAS ST W, , ,Major Arterial,Etobicoke York,3,0,0,22,0,0,43.647521,-79.529773,Mid-Block,Non Intersection,No Control,Clear,"Dark, artificial",Dry,Fatal,Pedestrian Collisions,Pedestrian,75 to 79,Fatal,66,North, , , , ,Pedestrian hit at mid-block,"Crossing, no Traffic Control",Normal, , , ,Yes, ,Yes, , , , , , , , , , ,14,Islington-City Centre West (14),376
7527537,1302631,2012,1341720000000,1855,18,SHEPPARD AVE W,WILSON HEIGHTS BLVD, ,Major Arterial,North York,6,0,0,32,0,0,43.751645,-79.45669,Intersection,At Intersection,Traffic Signal,Clear,Daylight,Dry,Fatal,Pedestrian Collisions,Pedestrian,25 to 29,Fatal,19,South,Other, , , ,Vehicle turns left while ped crosses with ROW at inter.,Crossing with right of way,Unknown, , , ,Yes, ,Yes, , , , , , ,Yes, , , ,33,Clanton Park (33),377
80741751,7000734516,2017,1493179200000,1857,18,LESLIE ST,CORNING RD, ,Major Arterial,North York,17,0,0,33,0,0,43.781909,-79.366107,Intersection,At/Near Private Drive,No Control,Clear,Daylight,Dry,Fatal,Angle,Motorcycle Driver,30 to 34,Fatal,20,South,Motorcycle,Going Ahead,Driving Properly,Unknown, , , , , , , , ,Yes,Yes, , , , , ,Yes, , , ,47,Don Valley Village (47),378
7867899,1377364,2013,1380081600000,1859,18,STEELES AVE W,STEINWAY BLVD, ,Major Arterial,Etobicoke York,1,0,0,23,0,0,43.754172,-79.619815,Intersection, ,Stop Sign,Clear,"Dark, artificial",Dry,Fatal,Turning Movement,Motorcycle Driver,55 to 59,Fatal,42,East,Motorcycle,Going Ahead,Driving Properly,Normal, , , , , , , , ,Yes,Yes, , , , ,Yes,Yes, , , ,1,West Humber-Clairville (1),379
80943991,8001000138,2018,1527912000000,1904,19,LAKE SHORE BLVD W,BRITISH COLUMBIA RD, ,Major Arterial,Toronto and East York,10,0,0,14,0,0,43.630686,-79.427638,Mid-Block,Non Intersection,No Control, ,Daylight, ,Fatal,Approaching,Motorcycle Driver,50 to 54,Fatal,28,East,Motorcycle,Going Ahead,Driving Properly,Normal, , , , , , , , ,Yes,Yes, , , , , , , , , ,82,Niagara (82),380
80000032,142471584,2014,1404964800000,1909,19,BLOOR ST W,DUNDAS ST W, ,Minor Arterial,Toronto and East York,4,0,0,11,0,0,43.656863,-79.452602,Mid-Block, ,No Control,Clear,Daylight,Dry,Fatal,Pedestrian Collisions,Pedestrian,65 to 69,Fatal,13,East, , , , ,Vehicle is reversing and hits pedestrian,Other,Unknown, , , ,Yes, ,Yes, , , , , , , , , , ,88,High Park North (88),381
6679376,1255565,2011,1316750400000,1912,19,MARTIN GROVE Road,DIXON Road, ,Major Arterial,Etobicoke York,102,2,1,23,0,0,43.691545,-79.57079,Intersection,At Intersection,Traffic Signal,Rain,Dark,Wet,Fatal,Pedestrian Collisions,Pedestrian,75 to 79,Fatal,25,East,Other,Other, , ,Vehicle is going straight thru inter.while ped cross without ROW,Crossing marked crosswalk without ROW,Inattentive, , , ,Yes, ,Yes, , , , ,Yes, , , , , ,1,West Humber-Clairville (1),382
80793696,8000392366,2018,1519966800000,1914,19,GREENCEDAR CRCT,DAPHNE RD, ,Collector,Scarborough,24,0,0,43,0,0,43.756827,-79.22932,Intersection,At Intersection,No Control,Other,Dark,Other,Fatal,Pedestrian Collisions,Pedestrian,65 to 69,Fatal,14,North, , , , ,Vehicle is going straight thru inter.while ped cross without ROW,"Crossing, no Traffic Control",Unknown, , , ,Yes, ,Yes, , , , , , , , , , ,137,Woburn (137),383
80497621,6000014911,2016,1451797200000,1915,19,1400 KENNEDY RD, ,196 m North of,Major Arterial,Scarborough,21,0,0,41,0,0,43.764498,-79.280681,Mid-Block,Non Intersection,No Control,Clear,"Dark, artificial",Dry,Fatal,Pedestrian Collisions,Pedestrian,35 to 39,Fatal,1,Unknown, , , , ,Pedestrian hit at mid-block,Crossing without right of way,Had Been Drinking, , , ,Yes, ,Yes, , , , ,Yes,Yes,Yes, , , ,126,Dorset Park (126),384
80197062,5001750958,2015,1444449600000,1919,19,ISLINGTON AVE,DEERFOOT RD, ,Major Arterial,Etobicoke York,2,0,0,23,0,0,43.685214,-79.541393,Intersection, ,No Control,Clear,Dark,Dry,Fatal,Pedestrian Collisions,Pedestrian,20 to 24,Fatal,50,Unknown, , , , ,Vehicle is going straight thru inter.while ped cross without ROW,"Crossing, no Traffic Control",Inattentive, , , ,Yes, ,Yes, , , , , ,Yes,Yes, , , ,7,Willowridge-Martingrove-Richview (7),385
80565853,6001868616,2016,1476936000000,1922,19,EGLINTON AVE E,HANNA RD, ,Major Arterial,North York,15,0,0,53,0,0,43.712084,-79.372058,Intersection,Non Intersection,No Control,Rain,Dark,Wet,Fatal,Pedestrian Collisions,Pedestrian,60 to 64,Fatal,65,Unknown, , , , ,Pedestrian hit at mid-block,"Crossing, no Traffic Control",Inattentive, , , ,Yes, ,Yes, , , , ,Yes,Yes,Yes, , , ,56,Leaside-Bennington (56),386
80000054,143117140,2014,1413432000000,1927,19,VICTORIA PARK AVE,EGLINTON AVE E, ,Major Arterial,Scarborough,1621,21,16,3341,41,33,43.725833,-79.303104,Mid-Block, ,No Control,Rain,"Dark, artificial",Wet,Fatal,Pedestrian Collisions,Pedestrian,55 to 59,Fatal,35,West, , , , ,Pedestrian hit at mid-block,"Crossing, no Traffic Control",Unknown, , , ,Yes, ,Yes, , , , , , , , , , ,119,Wexford/Maryvale (119),387
80565361,6001741045,2016,1475208000000,1928,19,EGLINTON AVE W,CHILTERN HILL RD, ,Major Arterial,Toronto and East York,812,12,8,13,0,0,43.700667,-79.427036,Mid-Block,Non Intersection,No Control,Clear,Dark,Dry,Fatal,Pedestrian Collisions,Pedestrian,Over 95,Fatal,61,North, , , , ,Pedestrian hit at mid-block,"Crossing, no Traffic Control",Normal, , , ,Yes, ,Yes, , , , , , , , , , ,106,Humewood-Cedarvale (106),388
5792492,1111945,2009,1246334400000,1930,19,5050 SHEPPARD AVE E, , ,Major Arterial,Scarborough,23,0,0,42,0,0,43.793045,-79.24249,Mid-Block, ,No Control,Clear,Daylight,Dry,Fatal,Pedestrian Collisions,Pedestrian,70 to 74,Fatal,24,East,Other, , , ,Pedestrian involved in a collision with transit vehicle anywhere along roadway,On Sidewalk or Shoulder,Normal, , , ,Yes, , , , ,Yes, , , ,Yes, , , ,128,Agincourt South-Malvern West (128),389
80681705,7000485980,2017,1489809600000,1932,19,JARVIS ST,EARL PL,30 m South of,Major Arterial,Toronto and East York,13,0,0,51,0,0,43.667636,-79.378894,Mid-Block,Intersection Related,No Control,Rain,"Dark, artificial",Wet,Fatal,Pedestrian Collisions,Pedestrian,60 to 64,Fatal,12,East, , , , ,Pedestrian hit at mid-block,"Crossing, no Traffic Control",Medical or Physical Disability, , , ,Yes, ,Yes, , , , , , , , , , ,74,North St.James Town (74),390