Index_,ACCNUM,YEAR,DATE,TIME,Hour,STREET1,STREET2,OFFSET,ROAD_CLASS,District,WardNum,WardNum_X,WardNum_Y,Division,Division_X,Division_Y,LATITUDE,LONGITUDE,LOCCOORD,ACCLOC,TRAFFCTL,VISIBILITY,LIGHT,RDSFCOND,ACCLASS,IMPACTYPE,INVTYPE,INVAGE,INJURY,FATAL_NO,INITDIR,VEHTYPE,MANOEUVER,DRIVACT,DRIVCOND,PEDTYPE,PEDACT,PEDCOND,CYCLISTYPE,CYCACT,CYCCOND,PEDESTRIAN,CYCLIST,AUTOMOBILE,MOTORCYCLE,TRUCK,TRSN_CITY_,EMERG_VEH,PASSENGER,SPEEDING,AG_DRIV,REDLIGHT,ALCOHOL,DISABILITY,Hood_ID,Neighbourh,ObjectId
80976405,8002229899,2018,1543899600000,1932,19,MIDLAND AVE,DORCOT AVE, ,Major Arterial,Scarborough,21,0,0,41,0,0,43.758383,-79.267612,Mid-Block,Non Intersection,No Control,Clear,Dark,Dry,Fatal,Pedestrian Collisions,Pedestrian,55 to 59,Fatal,63,East, , , , ,Pedestrian hit at mid-block,"Crossing, no Traffic Control",Normal, , , ,Yes, ,Yes, , , , , , ,Yes, , , ,127,Bendale (127),391
5307145,1012988,2008,1199509200000,1935,19,SANDWELL DR,THE WESTWAY, ,Local,Etobicoke York,2,0,0,23,0,0,43.684345,-79.56499,Mid-Block, ,No Control,Clear,Dark,Wet,Fatal,Pedestrian Collisions,Pedestrian,75 to 79,Fatal,2,West,Other, , , ,Vehicle hits the pedestrian walking or running out from between parked vehicles at mid-block,Coming From Behind Parked Vehicle,Inattentive, , , ,Yes, ,Yes, , , , , , , , , , ,7,Willowridge-Martingrove-Richview (7),392
6281001,1206992,2010,1292043600000,1935,19,ST CLAIR AVE E,DANFORTH RD, ,Major Arterial,Scarborough,20,0,0,41,0,0,43.716845,-79.25989,Intersection,At Intersection,Traffic Signal,Clear,Dark,Dry,Fatal,Pedestrian Collisions,Pedestrian,65 to 69,Fatal,40,East,Other, , , ,Pedestrian involved in a collision with transit vehicle anywhere along roadway,Crossing without right of way,Inattentive, , , ,Yes, , , , ,Yes, , , , , , , ,120,Clairlea-Birchmount (120),393
80497128,6000101056,2016,1453006800000,1935,19,SHEPPARD AVE E,CHICHESTER PL, ,Major Arterial,Scarborough,22,0,0,42,0,0,43.775893,-79.320316,Intersection,At Intersection,No Control,Clear,"Dark, artificial",Dry,Fatal,Pedestrian Collisions,Pedestrian,75 to 79,Fatal,4,North, , , , ,Vehicle is going straight thru inter.while ped cross without ROW,"Crossing, no Traffic Control",Inattentive, , , ,Yes, ,Yes, , , , , , , , , , ,118,Tam O'Shanter-Sullivan (118),394
80558756,5000375108,2015,1425445200000,1935,19,MILLWICK DR,PLUNKETT RD, ,Minor Arterial,Etobicoke York,7,0,0,31,0,0,43.760417,-79.570071,Intersection,Intersection Related,Traffic Signal,Clear,"Dark, artificial",Dry,Fatal,Pedestrian Collisions,Pedestrian,80 to 84,Fatal,9,South, , , , ,Vehicle turns right while ped crosses with ROW at inter.,Crossing with right of way,Normal, , , ,Yes, ,Yes, , , , , , ,Yes, , , ,21,Humber Summit (21),395
6846606,1256815,2011,1314763200000,1937,19,THE QUEENSWAY,CULNAN AVE, ,Major Arterial,Etobicoke York,3,0,0,22,0,0,43.621545,-79.52429,Intersection, ,No Control,Clear,"Dark, artificial",Dry,Fatal,Other,Passenger,75 to 79,Fatal,26,Unknown,Other,Other, , , , , , , , , , , , , , , ,Yes, , , , , ,14,Islington-City Centre West (14),396
80565355,6001753301,2016,1475380800000,1940,19,EGLINTON AVE E,MIDLAND AVE, ,Major Arterial,Scarborough,2120,20,21,41,0,0,43.734049,-79.260188,Intersection,Non Intersection,No Control,Rain,"Dark, artificial",Wet,Fatal,Pedestrian Collisions,Pedestrian,70 to 74,Fatal,59,South, , , , ,Pedestrian hit at mid-block,Crossing without right of way,Inattentive, , , ,Yes, ,Yes, , , , , , , , , , ,124,Kennedy Park (124),397
7871586,1379013,2013,1380945600000,1945,19,FINCH AVE W,WILMINGTON AVE, ,Major Arterial,North York,6,0,0,32,0,0,43.771441,-79.455066,Mid-Block, ,No Control,Clear,"Dark, artificial",Dry,Fatal,Pedestrian Collisions,Pedestrian,70 to 74,Fatal,45,South, , , , ,Pedestrian hit at mid-block,Running onto Roadway,Unknown, , , ,Yes, ,Yes, , , , ,Yes, , , , , ,35,Westminster-Branson (35),398
80545849,6001289424,2016,1469160000000,1948,19,ROYAL YORK RD,STRATH HUMBER CRT,12.5 M S of,Minor Arterial,Etobicoke York,2,0,0,22,0,0,43.661376,-79.517581,Intersection,At Intersection,No Control,Clear,Daylight,Dry,Fatal,Turning Movement,Motorcycle Driver,30 to 34,Fatal,47,South,Motorcycle,Going Ahead,Exceeding Speed Limit,Normal, , , , , , , , ,Yes,Yes, , , ,Yes,Yes,Yes, , , ,9,Edenbridge-Humber Valley (9),399
80566371,6001951366,2016,1478059200000,1948,19,486 COLLEGE ST, , ,Major Arterial,Toronto and East York,11,0,0,14,0,0,43.656096,-79.409488,Mid-Block,Non Intersection,No Control,Rain,"Dark, artificial",Wet,Fatal,Pedestrian Collisions,Pedestrian,65 to 69,Fatal,69,North, , , , ,Pedestrian hit at mid-block,"Crossing, no Traffic Control",Inattentive, , , ,Yes, ,Yes, , , , , , , , , , ,81,Trinity-Bellwoods (81),400
5795671,1142865,2009,1261026000000,1950,19,BLOOR ST E,CASTLE FRANK CRES, ,Major Arterial,Toronto and East York,11,0,0,5153,53,51,43.672945,-79.36929,Mid-Block,At Intersection,No Control,Clear,Dark,Dry,Fatal,Pedestrian Collisions,Pedestrian,60 to 64,Fatal,46,North,Other, , , ,Pedestrian hit at mid-block,Running onto Roadway,Inattentive, , , ,Yes, ,Yes, , , , , , , , , , ,71,Cabbagetown-South St.James Town (71),401
80782620,7001709828,2017,1505880000000,1953,19,BROADVIEW AVE,NEALON AVE, ,Minor Arterial,Toronto and East York,14,0,0,54,0,0,43.682852,-79.357181,Intersection,At Intersection,No Control,Clear,Dark,Dry,Fatal,Pedestrian Collisions,Pedestrian,85 to 89,Fatal,42,West, , , , ,Vehicle is going straight thru inter.while ped cross without ROW,"Crossing, no Traffic Control",Inattentive, , , ,Yes, ,Yes, , , , , , , , , , ,57,Broadview North (57),402
80489600,5001628551,2015,1442721600000,2000,20,MIDLAND AVE,ELLESMERE RD, ,Major Arterial,Scarborough,21,0,0,41,0,0,43.767913,-79.271098,Intersection,At Intersection,Traffic Signal,Clear,"Dark, artificial",Dry,Fatal,Turning Movement,Passenger,80 to 84,Fatal,44, , , , , , , , , , , , , ,Yes, , , , ,Yes, , , , , ,127,Bendale (127),403
80000047,142937129,2014,1411012800000,2001,20,ST CLAIR AVE W,DEER PARK CRES, ,Major Arterial,Toronto and East York,12,0,0,53,0,0,43.687525,-79.396793,Mid-Block, ,No Control,Clear,"Dark, artificial",Dry,Fatal,Pedestrian Collisions,Pedestrian,75 to 79,Fatal,28,South, , , , ,Pedestrian involved in a collision with transit vehicle anywhere along roadway,"Crossing, no Traffic Control",Unknown, , , ,Yes, , , , ,Yes, , , , , , , ,97,Yonge-St.Clair (97),404
80492560,5001940328,2015,1447218000000,2004,20,LAWRENCE AVE W,JANE ST,5 m West of,Major Arterial,Etobicoke York,5,0,0,12,0,0,43.702868,-79.503825,Intersection,Non Intersection,No Control,Clear,"Dark, artificial",Dry,Fatal,Pedestrian Collisions,Pedestrian,85 to 89,Fatal,55,South, , , , ,Pedestrian hit at mid-block,"Crossing, no Traffic Control",Inattentive, , , ,Yes, ,Yes, , , , , , , , , , ,30,Brookhaven-Amesbury (30),405
80757124,7001224899,2017,1499486400000,2007,20,BAYVIEW AVE,BLOOR W BAYVIEW N RAMP,240 m North of,Major Arterial,Toronto and East York,11,0,0,53,0,0,43.680995,-79.36806,Mid-Block,Non Intersection,No Control,Clear,Daylight,Dry,Fatal,Turning Movement,Motorcycle Driver,35 to 39,Fatal,29,North,Motorcycle,Going Ahead,Driving Properly,Normal, , , , , , , , ,Yes,Yes, , , , , , , , , ,98,Rosedale-Moore Park (98),406
5807863,1124221,2009,1252641600000,2009,20,VICTORIA PARK AVE,ARNCLIFFE CRES, ,Major Arterial,Scarborough,1621,21,16,3341,41,33,43.731845,-79.30559,Intersection,At Intersection,Traffic Signal,Clear,Dark,Dry,Fatal,Pedestrian Collisions,Pedestrian,15 to 19,Fatal,26,East,Other, , , ,Vehicle is going straight thru inter.while ped cross without ROW,Crossing without right of way,Inattentive, , , ,Yes, ,Yes, , , , , , , , , , ,119,Wexford/Maryvale (119),407
5370894,1043273,2008,1213156800000,2010,20,LAKE SHORE BLVD W,LONG BRANCH AVE, ,Major Arterial,Etobicoke York,3,0,0,22,0,0,43.594345,-79.53399,Intersection,At Intersection,Traffic Signal,Clear,Dusk,Dry,Fatal,Pedestrian Collisions,Pedestrian,60 to 64,Fatal,26,South,Other, , , ,Vehicle turns left while ped crosses with ROW at inter.,Crossing with right of way,Normal, , , ,Yes, ,Yes, , , , , , ,Yes, , , ,19,Long Branch (19),408
80496487,5000471839,2015,1426824000000,2010,20,ST CLAIR AVE W,ARLINGTON AVE, ,Major Arterial,Toronto and East York,12,0,0,13,0,0,43.681033,-79.428859,Intersection,At Intersection,Traffic Signal,Clear,"Dark, artificial",Dry,Fatal,Pedestrian Collisions,Pedestrian,80 to 84,Fatal,14,South, , , , ,Pedestrian involved in a collision with transit vehicle anywhere along roadway,Crossing with right of way,Medical or Physical Disability, , , ,Yes, , , , ,Yes, , , ,Yes, , , ,94,Wychwood (94),409
80496557,5000560313,2015,1428120000000,2010,20,BROADVIEW AVE,GERRARD ST E,31 m North of,Minor Arterial,Toronto and East York,14,0,0,55,0,0,43.66582,-79.352763,Mid-Block,Non Intersection,No Control,Rain,"Dark, artificial",Wet,Fatal,Pedestrian Collisions,Pedestrian,60 to 64,Fatal,17,Unknown, , , , ,Pedestrian involved in a collision with transit vehicle anywhere along roadway,"Crossing, no Traffic Control",Had Been Drinking, , , ,Yes, , , , ,Yes, , , , , , , ,68,North Riverdale (68),410
80566636,6002089290,2016,1479963600000,2010,20,300 GEORGE ST, , ,Local,Toronto and East York,13,0,0,51,0,0,43.657778,-79.373676,Mid-Block,At/Near Private Drive,No Control,Clear,Dark,Wet,Fatal,Pedestrian Collisions,Pedestrian,70 to 74,Fatal,73,Unknown, , , , ,Pedestrian hit at private driveway,Other,Unknown, , , ,Yes, ,Yes, , , , , , , , , , ,73,Moss Park (73),411
7504890,1332261,2012,1355979600000,2015,20,KENNEDY Rd,TREVERTON Dr, ,Major Arterial,Scarborough,21,0,0,41,0,0,43.733845,-79.26859,Intersection, ,No Control,Rain,"Dark, artificial",Wet,Fatal,Pedestrian Collisions,Pedestrian,15 to 19,Fatal,44,Unknown,Other,Unknown, , ,Pedestrian hit at mid-block,"Crossing, no Traffic Control",Unknown, , , ,Yes, ,Yes, , , , ,Yes, , , , , ,125,Ionview (125),412
80502826,6000500403,2016,1458705600000,2015,20,KING ST E,PRINCESS ST,10 m East of,Major Arterial,Toronto and East York,13,0,0,51,0,0,43.651473,-79.367008,Mid-Block,Intersection Related,No Control,Freezing Rain,"Dark, artificial",Wet,Fatal,Pedestrian Collisions,Pedestrian,75 to 79,Fatal,18,North, , , , ,Pedestrian hit at mid-block,"Crossing, no Traffic Control",Inattentive, , , ,Yes, ,Yes, , , , , , , , , , ,73,Moss Park (73),413
80972619,8001860748,2018,1538971200000,2015,20,685 QUEEN ST E, ,Near #685,Major Arterial,Toronto and East York,14,0,0,55,0,0,43.658515,-79.35094,Intersection,At Intersection,No Control,Clear,"Dusk, artificial",Dry,Fatal,Cyclist Collisions,Cyclist,60 to 64,Fatal,54,East,Bicycle,Going Ahead, , , , , ,Cyclist strikes a parked vehicle.,Lost control,Unknown, ,Yes,Yes, , ,Yes, , , , , , , ,70,South Riverdale (70),414
80000023,141518658,2014,1392181200000,2017,20,ST CLAIR AVE E,HERRON AVE, ,Major Arterial,Scarborough,20,0,0,41,0,0,43.711142,-79.285129,Mid-Block, ,No Control,Clear,"Dark, artificial",Ice,Fatal,Pedestrian Collisions,Pedestrian,15 to 19,Fatal,4,South, , , , ,Pedestrian hit at mid-block,"Crossing, no Traffic Control",Unknown, , , ,Yes, ,Yes, , , , , ,Yes,Yes, , , ,120,Clairlea-Birchmount (120),415
5380768,1047683,2008,1215921600000,2018,20,19 LYNDHURST CRT, , ,Local,Toronto and East York,12,0,0,13,0,0,43.677645,-79.41219,Mid-Block, ,No Control,Clear,Dusk,Dry,Fatal,Pedestrian Collisions,Pedestrian,85 to 89,Fatal,32,Unknown,Other, , , ,Vehicle is reversing and hits pedestrian,Other,Unknown, , , ,Yes, ,Yes, , , , , , , , , , ,96,Casa Loma (96),416
6281390,1209207,2010,1293080400000,2027,20,BATHURST ST,BRIDGMAN AVE, ,Major Arterial,Toronto and East York,1211,11,12,1314,14,13,43.673945,-79.41469,Mid-Block, ,No Control,Clear,Dark,Dry,Fatal,Pedestrian Collisions,Pedestrian,40 to 44,Fatal,42,Unknown,Other, , , ,Pedestrian involved in a collision with transit vehicle anywhere along roadway,Playing or Working on Highway,Normal, , , ,Yes, , , , ,Yes, ,Yes, ,Yes, , , ,96,Casa Loma (96),417
5257705,1112683,2009,1246852800000,2030,20,DON VALLEY PARKWAY  N,ST DENNIS DR, ,Expressway,North York,16,0,0,54,0,0,43.718745,-79.32799,Mid-Block, ,No Control,Clear,Daylight,Dry,Fatal,SMV Other,Passenger,20 to 24,Fatal,18, ,Other, , , , , , , , , , , ,Yes, , , , ,Yes,Yes,Yes, , , ,44,Flemingdon Park (44),418
5257707,1112683,2009,1246852800000,2030,20,DON VALLEY PARKWAY  N,ST DENNIS DR, ,Expressway,North York,16,0,0,54,0,0,43.718745,-79.32799,Mid-Block, ,No Control,Clear,Daylight,Dry,Fatal,SMV Other,Driver,20 to 24,Fatal,19,North,"Automobile, Station Wagon",Changing Lanes,Exceeding Speed Limit,Unknown, , , , , , , , ,Yes, , , , ,Yes,Yes,Yes, , , ,44,Flemingdon Park (44),419
5359689,1038340,2008,1210651200000,2030,20,EGLINTON AVE E,CREDIT UNION DR, ,Major Arterial,North York,16,0,0,3354,54,33,43.725945,-79.31939,Mid-Block, ,No Control,Clear,Dark,Dry,Fatal,Approaching,Passenger,20 to 24,Fatal,18, ,Other, , , , , , , , , , , ,Yes, , , , ,Yes,Yes,Yes, , , ,43,Victoria Village (43),420
5359690,1038340,2008,1210651200000,2030,20,EGLINTON AVE E,CREDIT UNION DR, ,Major Arterial,North York,16,0,0,3354,54,33,43.725945,-79.31939,Mid-Block, ,No Control,Clear,Dark,Dry,Fatal,Approaching,Passenger,15 to 19,Fatal,19, ,Other, , , , , , , , , , , ,Yes, , , , ,Yes,Yes,Yes, , , ,43,Victoria Village (43),421
80503954,6000746605,2016,1462075200000,2033,20,AVENUE RD,FELBRIGGE AVE, ,Major Arterial,North York,8,0,0,32,0,0,43.734461,-79.419765,Mid-Block,Non Intersection,No Control,Rain,"Dark, artificial",Wet,Fatal,Pedestrian Collisions,Pedestrian,90 to 94,Fatal,29,West, , , , ,Vehicle is going straight thru inter.while ped cross without ROW,"Crossing, no Traffic Control",Inattentive, , , ,Yes, ,Yes, , , , , , , , , , ,39,Bedford Park-Nortown (39),422
6161273,1176916,2010,1278993600000,2035,20,KIPLING AVE,BELFIELD RD, ,Major Arterial,Etobicoke York,1,0,0,23,0,0,43.704845,-79.56349,Intersection,At Intersection,Traffic Signal,Clear,Dark,Dry,Fatal,Angle,Driver,65 to 69,Fatal,23,South,"Automobile, Station Wagon",Going Ahead,Disobeyed Traffic Control,Unknown, , , , , , , , ,Yes, ,Yes, , , , ,Yes,Yes, , ,1,West Humber-Clairville (1),423
80494144,5002074254,2015,1449118800000,2038,20,KINGSTON RD,FAIRCROFT BLVD,119 m West of,Major Arterial,Scarborough,20,0,0,43,0,0,43.729457,-79.22742,Mid-Block,Non Intersection,No Control,Clear,"Dark, artificial",Dry,Fatal,SMV Unattended Vehicle,Driver,30 to 34,Fatal,61,West,"Automobile, Station Wagon",Going Ahead,Lost control,Inattentive, , , , , , , , ,Yes, , , , , ,Yes,Yes, , , ,123,Cliffcrest (123),424
80975008,8002018204,2018,1541044800000,2043,20,KIPLING  AVE,ANNABELLE  DR, ,Major Arterial,Etobicoke York,1,0,0,23,0,0,43.750846,-79.58575,Intersection,At Intersection,Traffic Signal,Clear,Dark,Dry,Fatal,Pedestrian Collisions,Pedestrian,90 to 94,Fatal,59,West, , , , ,Vehicle is going straight thru inter.while ped cross without ROW,Crossing without right of way,Normal, , , ,Yes, ,Yes, , , , , , , , , , ,2,Mount Olive-Silverstone-Jamestown (2),425
6201189,1193747,2010,1286424000000,2044,20,DORIS AVE,HOLLYWOOD AVE, ,Minor Arterial,North York,18,0,0,32,0,0,43.765745,-79.40909,Mid-Block, ,Pedestrian Crossover,Clear,Dark,Dry,Fatal,Pedestrian Collisions,Pedestrian,40 to 44,Fatal,34,West,Other, , , ,Pedestrian hit a PXO/ped. Mid-block signal,"Crossing, Pedestrian Crossover",Normal, , , ,Yes, ,Yes, , , , , , ,Yes, , , ,51,Willowdale East (51),426
7848923,1369177,2013,1375502400000,2048,20,LAKE SHORE BLVD W,DOWLING S LAKESHORE W RAMP, ,Expressway,Toronto and East York,4,0,0,14,0,0,43.634444,-79.43909,Mid-Block, ,No Control,Clear,Dusk,Dry,Fatal,Other,Passenger,15 to 19,Fatal,28, , , , , , , , , , , , , , , ,Yes, , ,Yes, , , , , ,85,South Parkdale (85),427
7514338,1290199,2012,1334980800000,2050,20,MORNINGSIDE AVE,MILNER AVE, ,Expressway,Scarborough,25,0,0,42,0,0,43.800245,-79.19909,Intersection,At Intersection,Traffic Signal,Clear,"Dark, artificial",Dry,Fatal,Pedestrian Collisions,Pedestrian,55 to 59,Fatal,12,West,Other, , , ,Vehicle is going straight thru inter.while ped cross without ROW,Crossing without right of way,Inattentive, , , ,Yes, ,Yes, , , , , , , , , , ,132,Malvern (132),428
80496511,5000513611,2015,1427428800000,2053,20,EGLINTON AVE E,VICTORIA PARK AVE,3 m West of,Major Arterial,Scarborough,162120,0,0,335441,0,0,43.724711,-79.302638,Intersection,Non Intersection,No Control,Clear,"Dark, artificial",Dry,Fatal,Pedestrian Collisions,Pedestrian,55 to 59,Fatal,12,Unknown, , , , ,Vehicle is going straight thru inter.while ped cross without ROW,"Crossing, no Traffic Control",Other, , , ,Yes, ,Yes, , , , ,Yes, , , , , ,120,Clairlea-Birchmount (120),429
80972617,8001785891,2018,1537934400000,2053,20,3850 SHEPPARD AVE E, ,90 m East of ALLANFORD RD,Major Arterial,Scarborough,22,0,0,42,0,0,43.782229,-79.292499,Mid-Block,Non Intersection,No Control,Clear,"Dark, artificial",Dry,Fatal,Pedestrian Collisions,Pedestrian,75 to 79,Fatal,52,South, , , , ,Pedestrian hit at mid-block,"Crossing, no Traffic Control",Inattentive, , , ,Yes, ,Yes, , , , , , ,Yes, , , ,118,Tam O'Shanter-Sullivan (118),430
80781221,7001553173,2017,1503806400000,2054,20,6065 STEELES AVE E, , ,Major Arterial,Scarborough,23,0,0,42,0,0,43.83705,-79.249019,Mid-Block,Non Intersection,No Control,Clear,Dark,Dry,Fatal,Pedestrian Collisions,Pedestrian,75 to 79,Fatal,38,North, , , , ,Pedestrian hit at mid-block,Running onto Roadway,Inattentive, , , ,Yes, ,Yes, , , , , ,Yes,Yes, , , ,131,Rouge (131),431
80545162,6001171035,2016,1467604800000,2055,20,KIPLING AVE,WESTHUMBER BLVD, ,Major Arterial,Etobicoke York,1,0,0,23,0,0,43.728129,-79.574641,Intersection,At Intersection,Traffic Signal,Clear,"Dusk, artificial",Dry,Fatal,Pedestrian Collisions,Pedestrian,70 to 74,Fatal,40,Unknown, , , , ,Vehicle turns left while ped crosses with ROW at inter.,Walking on Roadway with Traffic,Normal, , , ,Yes, ,Yes, , , , , ,Yes,Yes, , , ,4,Rexdale-Kipling (4),432
80948660,8001473575,2018,1533873600000,2055,20,BELLAMY RD N,BRIMORTON DR, ,Minor Arterial,Scarborough,24,0,0,43,0,0,43.767378,-79.239131,Intersection,At Intersection,Traffic Signal,Clear,Daylight,Dry,Fatal,Angle,Motorcycle Driver,70 to 74,Fatal,41,West,Motorcycle,Going Ahead,Driving Properly,Unknown, , , , , , , , ,Yes,Yes, , , , , ,Yes,Yes, , ,137,Woburn (137),433
7807813,1351471,2013,1365739200000,2056,20,JANE ST,STONG CRT, ,Major Arterial,Etobicoke York,7,0,0,31,0,0,43.762446,-79.518886,Mid-Block, ,No Control,Rain,"Dark, artificial",Wet,Fatal,Pedestrian Collisions,Pedestrian,50 to 54,Fatal,9,West, , , , ,Pedestrian hit at mid-block,"Crossing, no Traffic Control",Unknown, , , ,Yes, ,Yes, , , , , ,Yes,Yes, , , ,24,Black Creek (24),434
6588038,1214725,2011,1295931600000,2058,20,BATHURST ST,FOREST RIDGE DR, ,Major Arterial,North York,8,0,0,1353,53,13,43.706645,-79.42669,Mid-Block, ,No Control,Clear,Dark,Wet,Fatal,Pedestrian Collisions,Pedestrian,75 to 79,Fatal,4,West,Other, , , ,Pedestrian hit at mid-block,"Crossing, no Traffic Control",Inattentive, , , ,Yes, ,Yes, , , , , , ,Yes, , , ,102,Forest Hill North (102),435
80000048,142962876,2014,1411358400000,2059,20,KING ST W,CLOSE AVE, ,Major Arterial,Toronto and East York,4,0,0,14,0,0,43.63745,-79.434711,Intersection, ,Pedestrian Crossover,Clear,"Dark, artificial",Dry,Fatal,Pedestrian Collisions,Pedestrian,35 to 39,Fatal,29,Unknown, , , , ,Pedestrian hit a PXO/ped. Mid-block signal,"Crossing, Pedestrian Crossover",Unknown, , , ,Yes, ,Yes, , , , , , ,Yes, , , ,85,South Parkdale (85),436
7503913,1331849,2012,1355806800000,2100,21,KINGSTON RD,BEECHGROVE DR, ,Major Arterial,Scarborough,25,0,0,43,0,0,43.776445,-79.17369,Intersection,At Intersection,No Control,Clear,Dark,Dry,Fatal,Pedestrian Collisions,Pedestrian,55 to 59,Fatal,42,North,Other, , , ,Pedestrian hit at mid-block,"Crossing, no Traffic Control",Unknown, , , ,Yes, ,Yes, , , , , , , , , , ,136,West Hill (136),437
80000016,131086760,2013,1386046800000,2100,21,MARKLAND DR,BLOOR ST W, ,Major Arterial,Etobicoke York,2,0,0,22,0,0,43.633544,-79.570766,Intersection, ,Traffic Signal,Clear,"Dark, artificial",Dry,Fatal,Pedestrian Collisions,Pedestrian,85 to 89,Fatal,60,East, , , , ,Vehicle turns left while ped crosses with ROW at inter.,Crossing with right of way,Normal, , , ,Yes, ,Yes, , , , , , ,Yes, , , ,12,Markland Wood (12),438
5444199,1075633,2008,1229144400000,2101,21,SHEPPARD AVE E,MORNINGSIDE AVE, ,Major Arterial,Scarborough,25,0,0,42,0,0,43.802245,-79.19869,Mid-Block, ,No Control,Clear,Dark,Wet,Fatal,Turning Movement,Driver,30 to 34,Fatal,54,West,"Automobile, Station Wagon",Turning Left,Improper Turn,Unknown, , , , , , , , ,Yes, , , , , , , , , , ,131,Rouge (131),439
80000141,5000912141,2015,1433044800000,2104,21,BLOOR ST W,WESTMORELAND AVE, ,Major Arterial,Toronto and East York,9,0,0,14,0,0,43.660933,-79.430408,Intersection, ,No Control,Rain,Dusk,Wet,Fatal,Pedestrian Collisions,Pedestrian,35 to 39,Fatal,25,South, , , , ,Pedestrian hit at mid-block,"Crossing, no Traffic Control",Normal, , , ,Yes, ,Yes, , , , , ,Yes,Yes, , , ,83,Dufferin Grove (83),440
7835426,1363537,2013,1372824000000,2105,21,98 HAVENDALE RD, , ,Collector,Scarborough,22,0,0,42,0,0,43.792746,-79.284488,Mid-Block, ,No Control,Clear,Dark,Dry,Fatal,SMV Other,Motorcycle Driver,25 to 29,Fatal,18,West,Motorcycle,Going Ahead,Lost control,Unknown, , , , , , , , ,Yes,Yes, , , , ,Yes,Yes, , , ,128,Agincourt South-Malvern West (128),441
80000027,142041479,2014,1399521600000,2108,21,RENFORTH DR,ERINGATE DR, ,Minor Arterial,Etobicoke York,2,0,0,22,0,0,43.660464,-79.583576,Mid-Block, ,No Control,Clear,"Dusk, artificial",Dry,Fatal,Turning Movement,Motorcycle Driver,20 to 24,Fatal,8,North,Motorcycle,Going Ahead,Exceeding Speed Limit,Unknown, , , , , , , , ,Yes,Yes, , , , ,Yes,Yes, , , ,11,Eringate-Centennial-West Deane (11),442
7376307,1274722,2012,1326344400000,2110,21,FOREST GROVE DR,PAGE AVE, ,Local,North York,17,0,0,33,0,0,43.779645,-79.37889,Mid-Block, ,No Control,Clear,"Dark, artificial",Wet,Fatal,Pedestrian Collisions,Pedestrian,80 to 84,Fatal,1,Unknown,Other, , , ,Vehicle is reversing and hits pedestrian,Other,Medical or Physical Disability, , , ,Yes, ,Yes, , , , , , , , , , ,52,Bayview Village (52),443
80487904,5001366372,2015,1439092800000,2110,21,MEADOWVALE RD,SHEPPARD AVE E,35 m North of,Collector,Scarborough,25,0,0,42,0,0,43.808852,-79.171031,Mid-Block,Intersection Related,No Control,Clear,"Dark, artificial",Dry,Fatal,Pedestrian Collisions,Pedestrian,35 to 39,Fatal,36,Unknown, , , , ,Pedestrian hit at mid-block,"Crossing, no Traffic Control",Normal, , , ,Yes, ,Yes, , , , , , , , , , ,131,Rouge (131),444
80503947,6000605777,2016,1460174400000,2111,21,CUMMER AVE,WILLOWDALE AVE, ,Minor Arterial,North York,18,0,0,32,0,0,43.788653,-79.4099,Intersection,Intersection Related,Traffic Signal,Clear,Dark,Dry,Fatal,Angle,Driver,30 to 34,Fatal,25,West,"Automobile, Station Wagon",Going Ahead,Disobeyed Traffic Control,Unknown, , , , , , , , ,Yes, , , , , , ,Yes,Yes, , ,50,Newtonbrook East (50),445